"feature_mode","Distance to TSS","bucket_id","C","seed","AUROC","train_n","test_n","elapsed_seconds"
"tissue","0 - 30k","0","0.1","1","0.5","67359","5852","1.3316340446472168"
"tissue","0 - 30k","0","0.1","2","0.5","67359","5852","1.2641522884368896"
"tissue","0 - 30k","0","0.1","3","0.5","67359","5852","1.2283787727355957"
"tissue","0 - 30k","0","0.1","4","0.5","67359","5852","1.2257919311523438"
"tissue","0 - 30k","0","0.1","5","0.5","67359","5852","1.2316462993621826"
"tissue","0 - 30k","0","0.1","6","0.5","67359","5852","1.252336025238037"
"tissue","0 - 30k","0","0.1","7","0.5","67359","5852","1.2043743133544922"
"tissue","0 - 30k","0","0.1","8","0.5","67359","5852","1.2494239807128906"
"tissue","0 - 30k","0","0.1","9","0.5","67359","5852","1.2808513641357422"
"tissue","0 - 30k","0","0.1","10","0.5","67359","5852","1.2401139736175537"
"tissue","0 - 30k","0","0.3","1","0.5","67359","5852","1.2376070022583008"
"tissue","0 - 30k","0","0.3","2","0.5","67359","5852","1.2449250221252441"
"tissue","0 - 30k","0","0.3","3","0.5","67359","5852","1.2262518405914307"
"tissue","0 - 30k","0","0.3","4","0.5","67359","5852","1.230597972869873"
"tissue","0 - 30k","0","0.3","5","0.5","67359","5852","1.243823528289795"
"tissue","0 - 30k","0","0.3","6","0.5","67359","5852","1.3425266742706299"
"tissue","0 - 30k","0","0.3","7","0.5","67359","5852","1.2237803936004639"
"tissue","0 - 30k","0","0.3","8","0.5","67359","5852","1.321333646774292"
"tissue","0 - 30k","0","0.3","9","0.5","67359","5852","1.2992565631866455"
"tissue","0 - 30k","0","0.3","10","0.5","67359","5852","1.2359280586242676"
"tissue","0 - 30k","0","1.0","1","0.5","67359","5852","1.2425060272216797"
"tissue","0 - 30k","0","1.0","2","0.5","67359","5852","1.3476479053497314"
"tissue","0 - 30k","0","1.0","3","0.5","67359","5852","1.2352957725524902"
"tissue","0 - 30k","0","1.0","4","0.5","67359","5852","1.3471431732177734"
"tissue","0 - 30k","0","1.0","5","0.5","67359","5852","1.237729787826538"
"tissue","0 - 30k","0","1.0","6","0.5","67359","5852","1.3855633735656738"
"tissue","0 - 30k","0","1.0","7","0.5","67359","5852","1.2326505184173584"
"tissue","0 - 30k","0","1.0","8","0.5","67359","5852","1.3819880485534668"
"tissue","0 - 30k","0","1.0","9","0.5","67359","5852","1.3355753421783447"
"tissue","0 - 30k","0","1.0","10","0.5","67359","5852","1.3324098587036133"
"tissue","0 - 30k","0","3.0","1","0.5","67359","5852","1.3170804977416992"
"tissue","0 - 30k","0","3.0","2","0.5","67359","5852","1.3695902824401855"
"tissue","0 - 30k","0","3.0","3","0.5","67359","5852","1.3197283744812012"
"tissue","0 - 30k","0","3.0","4","0.5","67359","5852","1.3584105968475342"
"tissue","0 - 30k","0","3.0","5","0.5","67359","5852","1.356468677520752"
"tissue","0 - 30k","0","3.0","6","0.5","67359","5852","1.469353437423706"
"tissue","0 - 30k","0","3.0","7","0.5","67359","5852","1.3214292526245117"
"tissue","0 - 30k","0","3.0","8","0.5","67359","5852","1.4317395687103271"
"tissue","0 - 30k","0","3.0","9","0.5","67359","5852","1.344151496887207"
"tissue","0 - 30k","0","3.0","10","0.5","67359","5852","1.3906140327453613"
"tissue","0 - 30k","0","5.0","1","0.5","67359","5852","1.3198142051696777"
"tissue","0 - 30k","0","5.0","2","0.5","67359","5852","1.4045312404632568"
"tissue","0 - 30k","0","5.0","3","0.5","67359","5852","1.321883201599121"
"tissue","0 - 30k","0","5.0","4","0.5","67359","5852","1.3653144836425781"
"tissue","0 - 30k","0","5.0","5","0.5","67359","5852","1.3584165573120117"
"tissue","0 - 30k","0","5.0","6","0.5","67359","5852","1.640897512435913"
"tissue","0 - 30k","0","5.0","7","0.5","67359","5852","1.335500717163086"
"tissue","0 - 30k","0","5.0","8","0.5","67359","5852","1.5226366519927979"
"tissue","0 - 30k","0","5.0","9","0.5","67359","5852","1.3904697895050049"
"tissue","0 - 30k","0","5.0","10","0.5","67359","5852","1.4334471225738525"
"tissue","0 - 30k","0","10.0","1","0.5","67359","5852","1.3419058322906494"
"tissue","0 - 30k","0","10.0","2","0.5","67359","5852","1.5000758171081543"
"tissue","0 - 30k","0","10.0","3","0.5","67359","5852","1.3474295139312744"
"tissue","0 - 30k","0","10.0","4","0.5","67359","5852","1.3611714839935303"
"tissue","0 - 30k","0","10.0","5","0.5","67359","5852","1.3503670692443848"
"tissue","0 - 30k","0","10.0","6","0.50553945745846","67359","5852","1.856905460357666"
"tissue","0 - 30k","0","10.0","7","0.5","67359","5852","1.3223094940185547"
"tissue","0 - 30k","0","10.0","8","0.5","67359","5852","1.7040858268737793"
"tissue","0 - 30k","0","10.0","9","0.5","67359","5852","1.3909754753112793"
"tissue","0 - 30k","0","10.0","10","0.5","67359","5852","1.4914121627807617"
"tissue","0 - 30k","0","30.0","1","0.5","67359","5852","1.403475046157837"
"tissue","0 - 30k","0","30.0","2","0.5","67359","5852","2.0987513065338135"
"tissue","0 - 30k","0","30.0","3","0.5","67359","5852","1.372891902923584"
"tissue","0 - 30k","0","30.0","4","0.5","67359","5852","1.390537977218628"
"tissue","0 - 30k","0","30.0","5","0.5","67359","5852","1.3645343780517578"
"tissue","0 - 30k","0","30.0","6","0.5052127398010113","67359","5852","2.58430552482605"
"tissue","0 - 30k","0","30.0","7","0.5","67359","5852","1.4015414714813232"
"tissue","0 - 30k","0","30.0","8","0.4924306842571073","67359","5852","1.9268732070922852"
"tissue","0 - 30k","0","30.0","9","0.5","67359","5852","1.5263733863830566"
"tissue","0 - 30k","0","30.0","10","0.5","67359","5852","1.727414846420288"
"tissue","0 - 30k","0","100.0","1","0.5","67359","5852","1.4294977188110352"
"tissue","0 - 30k","0","100.0","2","0.5","67359","5852","2.9811697006225586"
"tissue","0 - 30k","0","100.0","3","0.5","67359","5852","1.451690912246704"
"tissue","0 - 30k","0","100.0","4","0.5","67359","5852","1.6803703308105469"
"tissue","0 - 30k","0","100.0","5","0.5","67359","5852","1.3923399448394775"
"tissue","0 - 30k","0","100.0","6","0.5052127398010113","67359","5852","4.576387643814087"
"tissue","0 - 30k","0","100.0","7","0.5","67359","5852","1.4319019317626953"
"tissue","0 - 30k","0","100.0","8","0.4840635972327442","67359","5852","2.5983760356903076"
"tissue","0 - 30k","0","100.0","9","0.5","67359","5852","1.7175440788269043"
"tissue","0 - 30k","0","100.0","10","0.5","67359","5852","2.597501516342163"
"tissue","30 - 100k","1","0.1","1","0.5","15351","1405","0.5001864433288574"
"tissue","30 - 100k","1","0.1","2","0.5","15351","1405","0.47334790229797363"
"tissue","30 - 100k","1","0.1","3","0.5","15351","1405","0.48342084884643555"
"tissue","30 - 100k","1","0.1","4","0.5","15351","1405","0.48864078521728516"
"tissue","30 - 100k","1","0.1","5","0.5","15351","1405","0.47351646423339844"
"tissue","30 - 100k","1","0.1","6","0.5","15351","1405","0.4768190383911133"
"tissue","30 - 100k","1","0.1","7","0.5","15351","1405","0.48112988471984863"
"tissue","30 - 100k","1","0.1","8","0.5","15351","1405","0.46494626998901367"
"tissue","30 - 100k","1","0.1","9","0.5","15351","1405","0.4840567111968994"
"tissue","30 - 100k","1","0.1","10","0.5","15351","1405","0.47615528106689453"
"tissue","30 - 100k","1","0.3","1","0.5","15351","1405","0.4899482727050781"
"tissue","30 - 100k","1","0.3","2","0.5","15351","1405","0.48036861419677734"
"tissue","30 - 100k","1","0.3","3","0.5","15351","1405","0.48693013191223145"
"tissue","30 - 100k","1","0.3","4","0.5","15351","1405","0.4864780902862549"
"tissue","30 - 100k","1","0.3","5","0.5","15351","1405","0.47350430488586426"
"tissue","30 - 100k","1","0.3","6","0.5","15351","1405","0.478485107421875"
"tissue","30 - 100k","1","0.3","7","0.5","15351","1405","0.4796309471130371"
"tissue","30 - 100k","1","0.3","8","0.5","15351","1405","0.4612705707550049"
"tissue","30 - 100k","1","0.3","9","0.5","15351","1405","0.4953577518463135"
"tissue","30 - 100k","1","0.3","10","0.5","15351","1405","0.4740464687347412"
"tissue","30 - 100k","1","1.0","1","0.5","15351","1405","0.49117159843444824"
"tissue","30 - 100k","1","1.0","2","0.5","15351","1405","0.4750814437866211"
"tissue","30 - 100k","1","1.0","3","0.5","15351","1405","0.4895467758178711"
"tissue","30 - 100k","1","1.0","4","0.5","15351","1405","0.4875648021697998"
"tissue","30 - 100k","1","1.0","5","0.5","15351","1405","0.4782102108001709"
"tissue","30 - 100k","1","1.0","6","0.5","15351","1405","0.4864017963409424"
"tissue","30 - 100k","1","1.0","7","0.5","15351","1405","0.48201537132263184"
"tissue","30 - 100k","1","1.0","8","0.5","15351","1405","0.4667174816131592"
"tissue","30 - 100k","1","1.0","9","0.5","15351","1405","0.49375438690185547"
"tissue","30 - 100k","1","1.0","10","0.5","15351","1405","0.47664928436279297"
"tissue","30 - 100k","1","3.0","1","0.5","15351","1405","0.5035064220428467"
"tissue","30 - 100k","1","3.0","2","0.5","15351","1405","0.476198673248291"
"tissue","30 - 100k","1","3.0","3","0.5","15351","1405","0.4964120388031006"
"tissue","30 - 100k","1","3.0","4","0.5","15351","1405","0.4982340335845947"
"tissue","30 - 100k","1","3.0","5","0.5","15351","1405","0.4858694076538086"
"tissue","30 - 100k","1","3.0","6","0.5","15351","1405","0.49376511573791504"
"tissue","30 - 100k","1","3.0","7","0.5","15351","1405","0.4873783588409424"
"tissue","30 - 100k","1","3.0","8","0.5","15351","1405","0.4748251438140869"
"tissue","30 - 100k","1","3.0","9","0.5","15351","1405","0.5017719268798828"
"tissue","30 - 100k","1","3.0","10","0.5","15351","1405","0.4872612953186035"
"tissue","30 - 100k","1","5.0","1","0.5","15351","1405","0.5017423629760742"
"tissue","30 - 100k","1","5.0","2","0.5","15351","1405","0.4796147346496582"
"tissue","30 - 100k","1","5.0","3","0.5","15351","1405","0.49129819869995117"
"tissue","30 - 100k","1","5.0","4","0.5","15351","1405","0.4918034076690674"
"tissue","30 - 100k","1","5.0","5","0.5","15351","1405","0.49840426445007324"
"tissue","30 - 100k","1","5.0","6","0.5","15351","1405","0.5393588542938232"
"tissue","30 - 100k","1","5.0","7","0.5","15351","1405","0.5211293697357178"
"tissue","30 - 100k","1","5.0","8","0.5","15351","1405","0.4873831272125244"
"tissue","30 - 100k","1","5.0","9","0.5","15351","1405","0.527777910232544"
"tissue","30 - 100k","1","5.0","10","0.5","15351","1405","0.4803743362426758"
"tissue","30 - 100k","1","10.0","1","0.5","15351","1405","0.5361626148223877"
"tissue","30 - 100k","1","10.0","2","0.5","15351","1405","0.5037646293640137"
"tissue","30 - 100k","1","10.0","3","0.5","15351","1405","0.5390870571136475"
"tissue","30 - 100k","1","10.0","4","0.5","15351","1405","0.5229716300964355"
"tissue","30 - 100k","1","10.0","5","0.5","15351","1405","0.4925670623779297"
"tissue","30 - 100k","1","10.0","6","0.5","15351","1405","0.5700540542602539"
"tissue","30 - 100k","1","10.0","7","0.5","15351","1405","0.5434401035308838"
"tissue","30 - 100k","1","10.0","8","0.5","15351","1405","0.4849071502685547"
"tissue","30 - 100k","1","10.0","9","0.5","15351","1405","0.5155975818634033"
"tissue","30 - 100k","1","10.0","10","0.5","15351","1405","0.4806640148162842"
"tissue","30 - 100k","1","30.0","1","0.5","15351","1405","0.6362268924713135"
"tissue","30 - 100k","1","30.0","2","0.5","15351","1405","0.7161209583282471"
"tissue","30 - 100k","1","30.0","3","0.5","15351","1405","0.8447146415710449"
"tissue","30 - 100k","1","30.0","4","0.5","15351","1405","0.5415220260620117"
"tissue","30 - 100k","1","30.0","5","0.5","15351","1405","0.5979254245758057"
"tissue","30 - 100k","1","30.0","6","0.5","15351","1405","0.8684077262878418"
"tissue","30 - 100k","1","30.0","7","0.5","15351","1405","0.8389809131622314"
"tissue","30 - 100k","1","30.0","8","0.5","15351","1405","0.7550618648529053"
"tissue","30 - 100k","1","30.0","9","0.5","15351","1405","0.8676767349243164"
"tissue","30 - 100k","1","30.0","10","0.5","15351","1405","0.5919325351715088"
"tissue","30 - 100k","1","100.0","1","0.5","15351","1405","1.0092129707336426"
"tissue","30 - 100k","1","100.0","2","0.5","15351","1405","1.060767412185669"
"tissue","30 - 100k","1","100.0","3","0.5","15351","1405","0.9116158485412598"
"tissue","30 - 100k","1","100.0","4","0.5","15351","1405","0.6529426574707031"
"tissue","30 - 100k","1","100.0","5","0.5","15351","1405","1.041788101196289"
"tissue","30 - 100k","1","100.0","6","0.5","15351","1405","1.0598995685577393"
"tissue","30 - 100k","1","100.0","7","0.5","15351","1405","1.17913818359375"
"tissue","30 - 100k","1","100.0","8","0.5","15351","1405","0.9321067333221436"
"tissue","30 - 100k","1","100.0","9","0.5","15351","1405","0.696155309677124"
"tissue","30 - 100k","1","100.0","10","0.5","15351","1405","1.063112497329712"
"tissue","100k+","2","0.1","1","0.5","5138","1315","0.5889439582824707"
"tissue","100k+","2","0.1","2","0.5","5138","1315","0.580618143081665"
"tissue","100k+","2","0.1","3","0.5","5138","1315","0.5831096172332764"
"tissue","100k+","2","0.1","4","0.5","5138","1315","0.5707337856292725"
"tissue","100k+","2","0.1","5","0.5","5138","1315","0.5848727226257324"
"tissue","100k+","2","0.1","6","0.5","5138","1315","0.5661954879760742"
"tissue","100k+","2","0.1","7","0.5","5138","1315","0.5882854461669922"
"tissue","100k+","2","0.1","8","0.5","5138","1315","0.5901484489440918"
"tissue","100k+","2","0.1","9","0.5","5138","1315","0.5700891017913818"
"tissue","100k+","2","0.1","10","0.5","5138","1315","0.5681250095367432"
"tissue","100k+","2","0.3","1","0.5","5138","1315","0.5856966972351074"
"tissue","100k+","2","0.3","2","0.5","5138","1315","0.5802726745605469"
"tissue","100k+","2","0.3","3","0.5","5138","1315","0.584672212600708"
"tissue","100k+","2","0.3","4","0.5","5138","1315","0.5764598846435547"
"tissue","100k+","2","0.3","5","0.5","5138","1315","0.5860428810119629"
"tissue","100k+","2","0.3","6","0.5","5138","1315","0.567213773727417"
"tissue","100k+","2","0.3","7","0.5","5138","1315","0.5905170440673828"
"tissue","100k+","2","0.3","8","0.5","5138","1315","0.5910916328430176"
"tissue","100k+","2","0.3","9","0.5","5138","1315","0.5754997730255127"
"tissue","100k+","2","0.3","10","0.5","5138","1315","0.5731604099273682"
"tissue","100k+","2","1.0","1","0.5","5138","1315","0.590339183807373"
"tissue","100k+","2","1.0","2","0.5","5138","1315","0.5890583992004395"
"tissue","100k+","2","1.0","3","0.5","5138","1315","0.5933456420898438"
"tissue","100k+","2","1.0","4","0.5","5138","1315","0.5830178260803223"
"tissue","100k+","2","1.0","5","0.5","5138","1315","0.5921320915222168"
"tissue","100k+","2","1.0","6","0.5","5138","1315","0.5720479488372803"
"tissue","100k+","2","1.0","7","0.5","5138","1315","0.5921430587768555"
"tissue","100k+","2","1.0","8","0.5","5138","1315","0.592482328414917"
"tissue","100k+","2","1.0","9","0.5","5138","1315","0.578693151473999"
"tissue","100k+","2","1.0","10","0.5","5138","1315","0.580735445022583"
"tissue","100k+","2","3.0","1","0.5","5138","1315","0.617300271987915"
"tissue","100k+","2","3.0","2","0.5","5138","1315","0.5911624431610107"
"tissue","100k+","2","3.0","3","0.5","5138","1315","0.6082673072814941"
"tissue","100k+","2","3.0","4","0.5","5138","1315","0.603926420211792"
"tissue","100k+","2","3.0","5","0.5","5138","1315","0.5837826728820801"
"tissue","100k+","2","3.0","6","0.5","5138","1315","0.5794730186462402"
"tissue","100k+","2","3.0","7","0.5","5138","1315","0.6059832572937012"
"tissue","100k+","2","3.0","8","0.5","5138","1315","0.5978317260742188"
"tissue","100k+","2","3.0","9","0.5","5138","1315","0.5953738689422607"
"tissue","100k+","2","3.0","10","0.5","5138","1315","0.5958375930786133"
"tissue","100k+","2","5.0","1","0.5","5138","1315","0.626288890838623"
"tissue","100k+","2","5.0","2","0.5","5138","1315","0.6094589233398438"
"tissue","100k+","2","5.0","3","0.5","5138","1315","0.638958215713501"
"tissue","100k+","2","5.0","4","0.5","5138","1315","0.6010448932647705"
"tissue","100k+","2","5.0","5","0.5","5138","1315","0.5827727317810059"
"tissue","100k+","2","5.0","6","0.5","5138","1315","0.5735905170440674"
"tissue","100k+","2","5.0","7","0.5","5138","1315","0.6145114898681641"
"tissue","100k+","2","5.0","8","0.5","5138","1315","0.6052737236022949"
"tissue","100k+","2","5.0","9","0.5","5138","1315","0.5946550369262695"
"tissue","100k+","2","5.0","10","0.5","5138","1315","0.5953671932220459"
"tissue","100k+","2","10.0","1","0.5","5138","1315","0.69423508644104"
"tissue","100k+","2","10.0","2","0.5","5138","1315","0.6311221122741699"
"tissue","100k+","2","10.0","3","0.5","5138","1315","0.6681361198425293"
"tissue","100k+","2","10.0","4","0.5","5138","1315","0.6118414402008057"
"tissue","100k+","2","10.0","5","0.5","5138","1315","0.6079285144805908"
"tissue","100k+","2","10.0","6","0.5","5138","1315","0.6143887042999268"
"tissue","100k+","2","10.0","7","0.5","5138","1315","0.6095008850097656"
"tissue","100k+","2","10.0","8","0.5","5138","1315","0.6395697593688965"
"tissue","100k+","2","10.0","9","0.5","5138","1315","0.6321666240692139"
"tissue","100k+","2","10.0","10","0.5","5138","1315","0.6038906574249268"
"tissue","100k+","2","30.0","1","0.5","5138","1315","1.3343067169189453"
"tissue","100k+","2","30.0","2","0.5","5138","1315","0.7056844234466553"
"tissue","100k+","2","30.0","3","0.5","5138","1315","1.0195484161376953"
"tissue","100k+","2","30.0","4","0.5","5138","1315","0.6594901084899902"
"tissue","100k+","2","30.0","5","0.5","5138","1315","0.5985314846038818"
"tissue","100k+","2","30.0","6","0.5","5138","1315","0.6014721393585205"
"tissue","100k+","2","30.0","7","0.5","5138","1315","0.7125051021575928"
"tissue","100k+","2","30.0","8","0.5","5138","1315","0.6064367294311523"
"tissue","100k+","2","30.0","9","0.5","5138","1315","0.8947904109954834"
"tissue","100k+","2","30.0","10","0.5","5138","1315","0.7663781642913818"
"tissue","100k+","2","100.0","1","0.5","5138","1315","2.959813117980957"
"tissue","100k+","2","100.0","2","0.5","5138","1315","1.7822153568267822"
"tissue","100k+","2","100.0","3","0.5","5138","1315","2.381838321685791"
"tissue","100k+","2","100.0","4","0.5","5138","1315","0.6718840599060059"
"tissue","100k+","2","100.0","5","0.5","5138","1315","0.8215656280517578"
"tissue","100k+","2","100.0","6","0.5","5138","1315","0.8620340824127197"
"tissue","100k+","2","100.0","7","0.5","5138","1315","1.3420939445495605"
"tissue","100k+","2","100.0","8","0.5","5138","1315","0.8942794799804688"
"tissue","100k+","2","100.0","9","0.5","5138","1315","1.5680289268493652"
"tissue","100k+","2","100.0","10","0.5","5138","1315","1.6657767295837402"
"ref","0 - 30k","0","0.1","1","0.6578504023097559","67359","5852","5.149061679840088"
"ref","0 - 30k","0","0.1","2","0.6614312183239622","67359","5852","4.989121913909912"
"ref","0 - 30k","0","0.1","3","0.65225173619285","67359","5852","5.035068988800049"
"ref","0 - 30k","0","0.1","4","0.6612629848868116","67359","5852","5.0498130321502686"
"ref","0 - 30k","0","0.1","5","0.6611652549325092","67359","5852","5.066224813461304"
"ref","0 - 30k","0","0.1","6","0.6460631235634767","67359","5852","5.055555105209351"
"ref","0 - 30k","0","0.1","7","0.6559899663913583","67359","5852","4.7589006423950195"
"ref","0 - 30k","0","0.1","8","0.6559025801183508","67359","5852","5.027623891830444"
"ref","0 - 30k","0","0.1","9","0.6556480304441886","67359","5852","5.013942718505859"
"ref","0 - 30k","0","0.1","10","0.6558374268154825","67359","5852","4.916906833648682"
"ref","0 - 30k","0","0.3","1","0.6570075706235647","67359","5852","4.683516502380371"
"ref","0 - 30k","0","0.3","2","0.6570384827745606","67359","5852","4.828969717025757"
"ref","0 - 30k","0","0.3","3","0.6567020159002593","67359","5852","4.941415786743164"
"ref","0 - 30k","0","0.3","4","0.6585635218546531","67359","5852","4.827638626098633"
"ref","0 - 30k","0","0.3","5","0.6659509314782238","67359","5852","4.663179159164429"
"ref","0 - 30k","0","0.3","6","0.6456229820904509","67359","5852","5.076583385467529"
"ref","0 - 30k","0","0.3","7","0.6540611670621044","67359","5852","4.618984222412109"
"ref","0 - 30k","0","0.3","8","0.6560024501446451","67359","5852","4.837137460708618"
"ref","0 - 30k","0","0.3","9","0.6600147284510207","67359","5852","4.601396560668945"
"ref","0 - 30k","0","0.3","10","0.6532378338096183","67359","5852","4.693996906280518"
"ref","0 - 30k","0","1.0","1","0.659164882084411","67359","5852","4.57435417175293"
"ref","0 - 30k","0","1.0","2","0.6578976027864688","67359","5852","4.696796655654907"
"ref","0 - 30k","0","1.0","3","0.6552220372248878","67359","5852","4.5781402587890625"
"ref","0 - 30k","0","1.0","4","0.6517068500851035","67359","5852","4.797330379486084"
"ref","0 - 30k","0","1.0","5","0.6677815252816216","67359","5852","4.544767141342163"
"ref","0 - 30k","0","1.0","6","0.6460707327083371","67359","5852","4.844762802124023"
"ref","0 - 30k","0","1.0","7","0.6503603881234564","67359","5852","4.561444282531738"
"ref","0 - 30k","0","1.0","8","0.6491332946218088","67359","5852","4.8274736404418945"
"ref","0 - 30k","0","1.0","9","0.658580880216366","67359","5852","4.593585014343262"
"ref","0 - 30k","0","1.0","10","0.6510208381187721","67359","5852","4.739522695541382"
"ref","0 - 30k","0","3.0","1","0.6569055605252783","67359","5852","4.9036688804626465"
"ref","0 - 30k","0","3.0","2","0.647366189620841","67359","5852","4.800461530685425"
"ref","0 - 30k","0","3.0","3","0.6421708081815428","67359","5852","4.902409791946411"
"ref","0 - 30k","0","3.0","4","0.6431232591108809","67359","5852","4.882735252380371"
"ref","0 - 30k","0","3.0","5","0.6488749403752164","67359","5852","4.885897636413574"
"ref","0 - 30k","0","3.0","6","0.6430195845121562","67359","5852","4.919101238250732"
"ref","0 - 30k","0","3.0","7","0.6529713948466115","67359","5852","4.910851955413818"
"ref","0 - 30k","0","3.0","8","0.6465059995729368","67359","5852","4.492896556854248"
"ref","0 - 30k","0","3.0","9","0.6591621475479769","67359","5852","4.991542100906372"
"ref","0 - 30k","0","3.0","10","0.6489585220757937","67359","5852","4.574008464813232"
"ref","0 - 30k","0","5.0","1","0.6512933406190896","67359","5852","4.720237731933594"
"ref","0 - 30k","0","5.0","2","0.6512341319606436","67359","5852","4.599341869354248"
"ref","0 - 30k","0","5.0","3","0.6381259532237331","67359","5852","4.6647422313690186"
"ref","0 - 30k","0","5.0","4","0.6346568965246657","67359","5852","4.733766555786133"
"ref","0 - 30k","0","5.0","5","0.6461841565239143","67359","5852","4.634802579879761"
"ref","0 - 30k","0","5.0","6","0.6445446235922487","67359","5852","4.671066522598267"
"ref","0 - 30k","0","5.0","7","0.6497156319894156","67359","5852","4.747505187988281"
"ref","0 - 30k","0","5.0","8","0.6356180266348604","67359","5852","4.657492637634277"
"ref","0 - 30k","0","5.0","9","0.6622420678231616","67359","5852","4.578032970428467"
"ref","0 - 30k","0","5.0","10","0.6484049567871908","67359","5852","4.562107563018799"
"ref","0 - 30k","0","10.0","1","0.6409839004761899","67359","5852","4.732605457305908"
"ref","0 - 30k","0","10.0","2","0.640990915156608","67359","5852","4.650070905685425"
"ref","0 - 30k","0","10.0","3","0.6275934700221093","67359","5852","4.960446119308472"
"ref","0 - 30k","0","10.0","4","0.6363241314993393","67359","5852","4.756303787231445"
"ref","0 - 30k","0","10.0","5","0.6510246426912024","67359","5852","4.676471948623657"
"ref","0 - 30k","0","10.0","6","0.6421968457241124","67359","5852","4.736072540283203"
"ref","0 - 30k","0","10.0","7","0.6402430788882849","67359","5852","4.781328916549683"
"ref","0 - 30k","0","10.0","8","0.6424524654342706","67359","5852","4.740058183670044"
"ref","0 - 30k","0","10.0","9","0.6561522551840867","67359","5852","4.797130823135376"
"ref","0 - 30k","0","10.0","10","0.6507939904876179","67359","5852","4.653051376342773"
"ref","0 - 30k","0","30.0","1","0.6048015844141886","67359","5852","4.894165277481079"
"ref","0 - 30k","0","30.0","2","0.6089734169768581","67359","5852","4.6329874992370605"
"ref","0 - 30k","0","30.0","3","0.60390501314242","67359","5852","4.701644420623779"
"ref","0 - 30k","0","30.0","4","0.5995122775930182","67359","5852","4.8806092739105225"
"ref","0 - 30k","0","30.0","5","0.640465051911013","67359","5852","5.296160459518433"
"ref","0 - 30k","0","30.0","6","0.599063456939136","67359","5852","4.6408467292785645"
"ref","0 - 30k","0","30.0","7","0.6155223939511103","67359","5852","4.957266330718994"
"ref","0 - 30k","0","30.0","8","0.6111654451611308","67359","5852","4.902041912078857"
"ref","0 - 30k","0","30.0","9","0.6320773964169488","67359","5852","4.911904811859131"
"ref","0 - 30k","0","30.0","10","0.6301018721825358","67359","5852","5.353374719619751"
"ref","0 - 30k","0","100.0","1","0.5568086865997728","67359","5852","6.028844118118286"
"ref","0 - 30k","0","100.0","2","0.5743275537122402","67359","5852","6.206670522689819"
"ref","0 - 30k","0","100.0","3","0.5613175805011859","67359","5852","6.232018232345581"
"ref","0 - 30k","0","100.0","4","0.5858439944586402","67359","5852","5.990468978881836"
"ref","0 - 30k","0","100.0","5","0.6073241348283401","67359","5852","6.300359487533569"
"ref","0 - 30k","0","100.0","6","0.5715011130752216","67359","5852","6.144378185272217"
"ref","0 - 30k","0","100.0","7","0.6146296272517718","67359","5852","6.123912334442139"
"ref","0 - 30k","0","100.0","8","0.580606762722609","67359","5852","6.268371105194092"
"ref","0 - 30k","0","100.0","9","0.6103041850772304","67359","5852","6.245457410812378"
"ref","0 - 30k","0","100.0","10","0.6179912047796843","67359","5852","6.765155076980591"
"ref","30 - 100k","1","0.1","1","0.5847641759406466","15351","1405","2.172205924987793"
"ref","30 - 100k","1","0.1","2","0.5734022257551669","15351","1405","2.1348788738250732"
"ref","30 - 100k","1","0.1","3","0.5816216216216217","15351","1405","2.123713731765747"
"ref","30 - 100k","1","0.1","4","0.6163540010598834","15351","1405","2.235316753387451"
"ref","30 - 100k","1","0.1","5","0.6022151563328034","15351","1405","2.1322672367095947"
"ref","30 - 100k","1","0.1","6","0.5791944886062533","15351","1405","2.235586404800415"
"ref","30 - 100k","1","0.1","7","0.5823741388447271","15351","1405","2.162738084793091"
"ref","30 - 100k","1","0.1","8","0.5778325384207738","15351","1405","2.1451642513275146"
"ref","30 - 100k","1","0.1","9","0.5730365659777424","15351","1405","2.2113897800445557"
"ref","30 - 100k","1","0.1","10","0.575002649708532","15351","1405","2.216280460357666"
"ref","30 - 100k","1","0.3","1","0.6038897721250663","15351","1405","2.2169382572174072"
"ref","30 - 100k","1","0.3","2","0.606942236354001","15351","1405","2.1474132537841797"
"ref","30 - 100k","1","0.3","3","0.6057127715951245","15351","1405","2.1283059120178223"
"ref","30 - 100k","1","0.3","4","0.6215792262851086","15351","1405","2.151993751525879"
"ref","30 - 100k","1","0.3","5","0.6193004769475358","15351","1405","2.154958486557007"
"ref","30 - 100k","1","0.3","6","0.5933545310015899","15351","1405","2.1210174560546875"
"ref","30 - 100k","1","0.3","7","0.6045151033386329","15351","1405","2.1773412227630615"
"ref","30 - 100k","1","0.3","8","0.5738261791202968","15351","1405","2.2120888233184814"
"ref","30 - 100k","1","0.3","9","0.6025490196078431","15351","1405","2.1431190967559814"
"ref","30 - 100k","1","0.3","10","0.6478696343402227","15351","1405","2.214195489883423"
"ref","30 - 100k","1","1.0","1","0.6439003709591946","15351","1405","2.1689703464508057"
"ref","30 - 100k","1","1.0","2","0.5981558028616852","15351","1405","2.196430206298828"
"ref","30 - 100k","1","1.0","3","0.6048860625331213","15351","1405","1.9822657108306885"
"ref","30 - 100k","1","1.0","4","0.6492898781134075","15351","1405","2.179919719696045"
"ref","30 - 100k","1","1.0","5","0.6428351881293057","15351","1405","2.0548043251037598"
"ref","30 - 100k","1","1.0","6","0.6035983041865395","15351","1405","2.0863683223724365"
"ref","30 - 100k","1","1.0","7","0.6342289348171701","15351","1405","2.101105213165283"
"ref","30 - 100k","1","1.0","8","0.5819554848966613","15351","1405","2.0683743953704834"
"ref","30 - 100k","1","1.0","9","0.6294859565447801","15351","1405","2.0667455196380615"
"ref","30 - 100k","1","1.0","10","0.6529464758876524","15351","1405","2.0587897300720215"
"ref","30 - 100k","1","3.0","1","0.643184949655538","15351","1405","2.1195552349090576"
"ref","30 - 100k","1","3.0","2","0.6263063063063063","15351","1405","2.088514804840088"
"ref","30 - 100k","1","3.0","3","0.6011923688394276","15351","1405","2.1196961402893066"
"ref","30 - 100k","1","3.0","4","0.6805829358770535","15351","1405","2.1719484329223633"
"ref","30 - 100k","1","3.0","5","0.6514785373608902","15351","1405","2.1654698848724365"
"ref","30 - 100k","1","3.0","6","0.5762427133015369","15351","1405","2.175489902496338"
"ref","30 - 100k","1","3.0","7","0.6181981981981982","15351","1405","2.158578395843506"
"ref","30 - 100k","1","3.0","8","0.5516958134605193","15351","1405","2.1564173698425293"
"ref","30 - 100k","1","3.0","9","0.6549708532061472","15351","1405","2.1449685096740723"
"ref","30 - 100k","1","3.0","10","0.6589401165871754","15351","1405","2.153927803039551"
"ref","30 - 100k","1","5.0","1","0.6196343402225756","15351","1405","2.234100341796875"
"ref","30 - 100k","1","5.0","2","0.64353471118177","15351","1405","2.1256914138793945"
"ref","30 - 100k","1","5.0","3","0.6298198198198198","15351","1405","2.1191327571868896"
"ref","30 - 100k","1","5.0","4","0.6680445151033386","15351","1405","2.204470634460449"
"ref","30 - 100k","1","5.0","5","0.6579703232644409","15351","1405","2.0605103969573975"
"ref","30 - 100k","1","5.0","6","0.5743879173290939","15351","1405","2.2651617527008057"
"ref","30 - 100k","1","5.0","7","0.6059724430312666","15351","1405","2.1488547325134277"
"ref","30 - 100k","1","5.0","8","0.5958399576046636","15351","1405","2.173222064971924"
"ref","30 - 100k","1","5.0","9","0.6307207207207208","15351","1405","2.087904930114746"
"ref","30 - 100k","1","5.0","10","0.6671224165341813","15351","1405","2.071835994720459"
"ref","30 - 100k","1","10.0","1","0.5963063063063063","15351","1405","2.2321226596832275"
"ref","30 - 100k","1","10.0","2","0.6535188129305777","15351","1405","2.1585793495178223"
"ref","30 - 100k","1","10.0","3","0.6070217276099629","15351","1405","2.205761671066284"
"ref","30 - 100k","1","10.0","4","0.6392156862745099","15351","1405","2.199936866760254"
"ref","30 - 100k","1","10.0","5","0.6878643349231586","15351","1405","2.2285897731781006"
"ref","30 - 100k","1","10.0","6","0.5988235294117646","15351","1405","2.192692756652832"
"ref","30 - 100k","1","10.0","7","0.5812453630100689","15351","1405","2.2715325355529785"
"ref","30 - 100k","1","10.0","8","0.5801960784313724","15351","1405","2.1773571968078613"
"ref","30 - 100k","1","10.0","9","0.62888182299947","15351","1405","2.2448949813842773"
"ref","30 - 100k","1","10.0","10","0.6334234234234234","15351","1405","2.133199453353882"
"ref","30 - 100k","1","30.0","1","0.6026709062003179","15351","1405","2.552945375442505"
"ref","30 - 100k","1","30.0","2","0.6335347111817701","15351","1405","2.453113079071045"
"ref","30 - 100k","1","30.0","3","0.5607472178060413","15351","1405","2.493180990219116"
"ref","30 - 100k","1","30.0","4","0.6373237943826179","15351","1405","2.700730085372925"
"ref","30 - 100k","1","30.0","5","0.6395124536301008","15351","1405","2.478405475616455"
"ref","30 - 100k","1","30.0","6","0.5893216746157922","15351","1405","2.6153488159179688"
"ref","30 - 100k","1","30.0","7","0.6177424483306836","15351","1405","2.5792391300201416"
"ref","30 - 100k","1","30.0","8","0.5550291467938526","15351","1405","2.549384593963623"
"ref","30 - 100k","1","30.0","9","0.5841335453100158","15351","1405","2.5534534454345703"
"ref","30 - 100k","1","30.0","10","0.6178166401695813","15351","1405","2.4128315448760986"
"ref","30 - 100k","1","100.0","1","0.5994912559618442","15351","1405","3.283893585205078"
"ref","30 - 100k","1","100.0","2","0.5927397986221516","15351","1405","3.3028948307037354"
"ref","30 - 100k","1","100.0","3","0.5521091679915209","15351","1405","3.1137588024139404"
"ref","30 - 100k","1","100.0","4","0.5935135135135136","15351","1405","3.3319311141967773"
"ref","30 - 100k","1","100.0","5","0.6271966083730789","15351","1405","3.1812121868133545"
"ref","30 - 100k","1","100.0","6","0.5810863804981452","15351","1405","3.3283138275146484"
"ref","30 - 100k","1","100.0","7","0.5592792792792792","15351","1405","3.639702558517456"
"ref","30 - 100k","1","100.0","8","0.5673131955484897","15351","1405","3.333699941635132"
"ref","30 - 100k","1","100.0","9","0.553100158982512","15351","1405","3.217993974685669"
"ref","30 - 100k","1","100.0","10","0.5941017488076312","15351","1405","3.2024550437927246"
"ref","100k+","2","0.1","1","0.6353144911509719","5138","1315","2.5016989707946777"
"ref","100k+","2","0.1","2","0.6422522535460738","5138","1315","2.6169917583465576"
"ref","100k+","2","0.1","3","0.6427884132067614","5138","1315","2.54757022857666"
"ref","100k+","2","0.1","4","0.636311413020063","5138","1315","2.5433297157287598"
"ref","100k+","2","0.1","5","0.6446254781155902","5138","1315","2.507784366607666"
"ref","100k+","2","0.1","6","0.6396815594586702","5138","1315","2.5066769123077393"
"ref","100k+","2","0.1","7","0.6409010833297429","5138","1315","2.508193016052246"
"ref","100k+","2","0.1","8","0.6402835422919868","5138","1315","2.5269646644592285"
"ref","100k+","2","0.1","9","0.6375560693752305","5138","1315","2.507577896118164"
"ref","100k+","2","0.1","10","0.640612658155132","5138","1315","2.5211617946624756"
"ref","100k+","2","0.3","1","0.5952521147190188","5138","1315","2.3530731201171875"
"ref","100k+","2","0.3","2","0.5880917503219351","5138","1315","2.369776964187622"
"ref","100k+","2","0.3","3","0.5936783425007062","5138","1315","2.358185052871704"
"ref","100k+","2","0.3","4","0.5980454108084043","5138","1315","2.358734130859375"
"ref","100k+","2","0.3","5","0.6180843781266007","5138","1315","2.3550586700439453"
"ref","100k+","2","0.3","6","0.605403244723375","5138","1315","2.3621439933776855"
"ref","100k+","2","0.3","7","0.5992649346794771","5138","1315","2.3579747676849365"
"ref","100k+","2","0.3","8","0.587605855629437","5138","1315","2.3688173294067383"
"ref","100k+","2","0.3","9","0.5961832134154806","5138","1315","2.3461861610412598"
"ref","100k+","2","0.3","10","0.5946752643697969","5138","1315","2.3669772148132324"
"ref","100k+","2","1.0","1","0.5774607095498653","5138","1315","2.236253261566162"
"ref","100k+","2","1.0","2","0.5856431283001345","5138","1315","2.2520246505737305"
"ref","100k+","2","1.0","3","0.58313825738536","5138","1315","2.24006724357605"
"ref","100k+","2","1.0","4","0.5680838994126179","5138","1315","2.244701385498047"
"ref","100k+","2","1.0","5","0.5775265327224943","5138","1315","2.2318711280822754"
"ref","100k+","2","1.0","6","0.5804514751571379","5138","1315","2.3277440071105957"
"ref","100k+","2","1.0","7","0.5812760599924365","5138","1315","2.3307723999023438"
"ref","100k+","2","1.0","8","0.5774858420339599","5138","1315","2.3461427688598633"
"ref","100k+","2","1.0","9","0.5701686988075234","5138","1315","2.3199872970581055"
"ref","100k+","2","1.0","10","0.577905913553829","5138","1315","2.285759449005127"
"ref","100k+","2","3.0","1","0.540273010584366","5138","1315","2.1905274391174316"
"ref","100k+","2","3.0","2","0.5485212525072645","5138","1315","2.2787349224090576"
"ref","100k+","2","3.0","3","0.5371505986318356","5138","1315","2.2732038497924805"
"ref","100k+","2","3.0","4","0.5488755008545045","5138","1315","2.2206568717956543"
"ref","100k+","2","3.0","5","0.5487845451977807","5138","1315","2.207298755645752"
"ref","100k+","2","3.0","6","0.5313414044510826","5138","1315","2.211942434310913"
"ref","100k+","2","3.0","7","0.5495181743763555","5138","1315","2.2006003856658936"
"ref","100k+","2","3.0","8","0.5422919868066427","5138","1315","2.215414524078369"
"ref","100k+","2","3.0","9","0.5358652515881337","5138","1315","2.225167751312256"
"ref","100k+","2","3.0","10","0.5418719152867736","5138","1315","2.2186174392700195"
"ref","100k+","2","5.0","1","0.5495588650648897","5138","1315","2.2263834476470947"
"ref","100k+","2","5.0","2","0.5571644334659371","5138","1315","2.2207729816436768"
"ref","100k+","2","5.0","3","0.5533742155074608","5138","1315","2.2275209426879883"
"ref","100k+","2","5.0","4","0.5492955723743734","5138","1315","2.2203876972198486"
"ref","100k+","2","5.0","5","0.5557881307655116","5138","1315","2.2252590656280518"
"ref","100k+","2","5.0","6","0.5456370007611552","5138","1315","2.2172176837921143"
"ref","100k+","2","5.0","7","0.5571644334659371","5138","1315","2.2202069759368896"
"ref","100k+","2","5.0","8","0.5520230452911299","5138","1315","2.2199547290802"
"ref","100k+","2","5.0","9","0.552574763156257","5138","1315","2.214891195297241"
"ref","100k+","2","5.0","10","0.5450852828960281","5138","1315","2.228745937347412"
"ref","100k+","2","10.0","1","0.5353039594433514","5138","1315","2.2881295680999756"
"ref","100k+","2","10.0","2","0.5405363032748823","5138","1315","2.348423957824707"
"ref","100k+","2","10.0","3","0.5492046167176496","5138","1315","2.3147921562194824"
"ref","100k+","2","10.0","4","0.546988170977486","5138","1315","2.3038582801818848"
"ref","100k+","2","10.0","5","0.5393826025764388","5138","1315","2.3051373958587646"
"ref","100k+","2","10.0","6","0.5478534465013188","5138","1315","2.3703272342681885"
"ref","100k+","2","10.0","7","0.5398278065804024","5138","1315","2.2915711402893066"
"ref","100k+","2","10.0","8","0.5538601101999588","5138","1315","2.372110605239868"
"ref","100k+","2","10.0","9","0.5527973651582389","5138","1315","2.3534810543060303"
"ref","100k+","2","10.0","10","0.5424894563245298","5138","1315","2.3627536296844482"
"ref","100k+","2","30.0","1","0.5331126461872825","5138","1315","2.6937196254730225"
"ref","100k+","2","30.0","2","0.541624180800697","5138","1315","2.70940899848938"
"ref","100k+","2","30.0","3","0.5376364933243335","5138","1315","2.6967570781707764"
"ref","100k+","2","30.0","4","0.5437089801956025","5138","1315","2.6785740852355957"
"ref","100k+","2","30.0","5","0.5398278065804024","5138","1315","2.675560712814331"
"ref","100k+","2","30.0","6","0.5386992383660534","5138","1315","2.684816598892212"
"ref","100k+","2","30.0","7","0.5419126059753079","5138","1315","2.6543474197387695"
"ref","100k+","2","30.0","8","0.53012188058001","5138","1315","2.592825174331665"
"ref","100k+","2","30.0","9","0.5339120985384862","5138","1315","2.665837049484253"
"ref","100k+","2","30.0","10","0.5420035616320317","5138","1315","2.6706349849700928"
"ref","100k+","2","100.0","1","0.5265542646235154","5138","1315","3.864710569381714"
"ref","100k+","2","100.0","2","0.5147384067441226","5138","1315","3.8533051013946533"
"ref","100k+","2","100.0","3","0.5306329077566025","5138","1315","3.608369827270508"
"ref","100k+","2","100.0","4","0.5280370811851043","5138","1315","3.8699231147766113"
"ref","100k+","2","100.0","5","0.5222530194884462","5138","1315","3.8293445110321045"
"ref","100k+","2","100.0","6","0.5265542646235154","5138","1315","3.638693332672119"
"ref","100k+","2","100.0","7","0.5242468632266281","5138","1315","3.5993521213531494"
"ref","100k+","2","100.0","8","0.5242719957107227","5138","1315","3.6083171367645264"
"ref","100k+","2","100.0","9","0.549831732035061","5138","1315","3.6063413619995117"
"ref","100k+","2","100.0","10","0.5358652515881337","5138","1315","3.832723379135132"
"alt","0 - 30k","0","0.1","1","0.6577456576750353","67359","5852","5.132963418960571"
"alt","0 - 30k","0","0.1","2","0.6619761044317086","67359","5852","4.719238996505737"
"alt","0 - 30k","0","0.1","3","0.6527043614191625","67359","5852","5.151235580444336"
"alt","0 - 30k","0","0.1","4","0.6618078709945581","67359","5852","5.139157772064209"
"alt","0 - 30k","0","0.1","5","0.6611191244917923","67359","5852","5.152872085571289"
"alt","0 - 30k","0","0.1","6","0.6462601290796312","67359","5852","5.153676986694336"
"alt","0 - 30k","0","0.1","7","0.6558515750692075","67359","5852","5.148859739303589"
"alt","0 - 30k","0","0.1","8","0.6553576940106043","67359","5852","5.113485336303711"
"alt","0 - 30k","0","0.1","9","0.6532465129904748","67359","5852","5.130887031555176"
"alt","0 - 30k","0","0.1","10","0.6585531781733581","67359","5852","4.634083271026611"
"alt","0 - 30k","0","0.3","1","0.6580973428390576","67359","5852","4.896255731582642"
"alt","0 - 30k","0","0.3","2","0.6580359941086196","67359","5852","4.8181471824646"
"alt","0 - 30k","0","0.3","3","0.6556247274380532","67359","5852","4.891799211502075"
"alt","0 - 30k","0","0.3","4","0.6581570270690572","67359","5852","4.9347617626190186"
"alt","0 - 30k","0","0.3","5","0.6656491813273487","67359","5852","4.868225574493408"
"alt","0 - 30k","0","0.3","6","0.6446840849503955","67359","5852","4.88655424118042"
"alt","0 - 30k","0","0.3","7","0.6529589110933247","67359","5852","4.8853983879089355"
"alt","0 - 30k","0","0.3","8","0.6555623086716192","67359","5852","4.889578580856323"
"alt","0 - 30k","0","0.3","9","0.6605720983120539","67359","5852","4.931763172149658"
"alt","0 - 30k","0","0.3","10","0.6532839642503352","67359","5852","4.517737865447998"
"alt","0 - 30k","0","1.0","1","0.6602546542999039","67359","5852","4.935548543930054"
"alt","0 - 30k","0","1.0","2","0.6579898636679026","67359","5852","4.798593044281006"
"alt","0 - 30k","0","1.0","3","0.6562320323122337","67359","5852","4.892379999160767"
"alt","0 - 30k","0","1.0","4","0.6524026112682875","67359","5852","4.97320818901062"
"alt","0 - 30k","0","1.0","5","0.6708201897245156","67359","5852","4.870237350463867"
"alt","0 - 30k","0","1.0","6","0.6462091240304879","67359","5852","4.610507965087891"
"alt","0 - 30k","0","1.0","7","0.6532145308034829","67359","5852","4.932082653045654"
"alt","0 - 30k","0","1.0","8","0.6481482670410366","67359","5852","4.619032621383667"
"alt","0 - 30k","0","1.0","9","0.6595072936031346","67359","5852","4.931952953338623"
"alt","0 - 30k","0","1.0","10","0.650798865096044","67359","5852","4.764155149459839"
"alt","0 - 30k","0","3.0","1","0.6563020602235281","67359","5852","4.890749931335449"
"alt","0 - 30k","0","3.0","2","0.6458113084257489","67359","5852","4.5200958251953125"
"alt","0 - 30k","0","3.0","3","0.6450960488088596","67359","5852","4.898840427398682"
"alt","0 - 30k","0","3.0","4","0.6440621562509363","67359","5852","4.636447429656982"
"alt","0 - 30k","0","3.0","5","0.6482003421261757","67359","5852","4.82221245765686"
"alt","0 - 30k","0","3.0","6","0.6431118453935902","67359","5852","4.905089855194092"
"alt","0 - 30k","0","3.0","7","0.6533192754382036","67359","5852","4.96378231048584"
"alt","0 - 30k","0","3.0","8","0.6454037436041571","67359","5852","4.884397506713867"
"alt","0 - 30k","0","3.0","9","0.6602394360101829","67359","5852","4.900484323501587"
"alt","0 - 30k","0","3.0","10","0.6538326549305119","67359","5852","4.801141023635864"
"alt","0 - 30k","0","5.0","1","0.6525128249758766","67359","5852","4.9159417152404785"
"alt","0 - 30k","0","5.0","2","0.648552027290198","67359","5852","4.836673974990845"
"alt","0 - 30k","0","5.0","3","0.636051153427468","67359","5852","4.924804449081421"
"alt","0 - 30k","0","5.0","4","0.6345521518899451","67359","5852","4.699803352355957"
"alt","0 - 30k","0","5.0","5","0.6447465037168294","67359","5852","4.652071952819824"
"alt","0 - 30k","0","5.0","6","0.644707982420973","67359","5852","5.0029802322387695"
"alt","0 - 30k","0","5.0","7","0.6474649896111394","67359","5852","4.967141628265381"
"alt","0 - 30k","0","5.0","8","0.6355007982468531","67359","5852","4.645217180252075"
"alt","0 - 30k","0","5.0","9","0.6606996703813561","67359","5852","4.689470529556274"
"alt","0 - 30k","0","5.0","10","0.6490795550362316","67359","5852","4.814729690551758"
"alt","0 - 30k","0","10.0","1","0.6381634044835934","67359","5852","5.027467250823975"
"alt","0 - 30k","0","10.0","2","0.6422652091349685","67359","5852","4.914139270782471"
"alt","0 - 30k","0","10.0","3","0.6302592863668379","67359","5852","5.00253701210022"
"alt","0 - 30k","0","10.0","4","0.6372755123926813","67359","5852","5.10588264465332"
"alt","0 - 30k","0","10.0","5","0.6529985024251772","67359","5852","4.929924964904785"
"alt","0 - 30k","0","10.0","6","0.6354574023425703","67359","5852","4.973776817321777"
"alt","0 - 30k","0","10.0","7","0.6400797200595606","67359","5852","4.756012916564941"
"alt","0 - 30k","0","10.0","8","0.6387392027423359","67359","5852","5.030003309249878"
"alt","0 - 30k","0","10.0","9","0.6589939141108262","67359","5852","5.029235124588013"
"alt","0 - 30k","0","10.0","10","0.6490882342170878","67359","5852","5.138903617858887"
"alt","0 - 30k","0","30.0","1","0.6080747056330975","67359","5852","5.561469316482544"
"alt","0 - 30k","0","30.0","2","0.6084746613098286","67359","5852","5.466532945632935"
"alt","0 - 30k","0","30.0","3","0.6019436371617319","67359","5852","5.5092363357543945"
"alt","0 - 30k","0","30.0","4","0.6010883217222539","67359","5852","5.542790412902832"
"alt","0 - 30k","0","30.0","5","0.6395722852116745","67359","5852","5.486006736755371"
"alt","0 - 30k","0","30.0","6","0.6022904477173279","67359","5852","5.500004291534424"
"alt","0 - 30k","0","30.0","7","0.6200025157735194","67359","5852","5.596324920654297"
"alt","0 - 30k","0","30.0","8","0.6047738823711808","67359","5852","5.530224084854126"
"alt","0 - 30k","0","30.0","9","0.6329327118564269","67359","5852","5.589035749435425"
"alt","0 - 30k","0","30.0","10","0.6292639151047708","67359","5852","5.486952066421509"
"alt","0 - 30k","0","100.0","1","0.5586902854523138","67359","5852","6.8928892612457275"
"alt","0 - 30k","0","100.0","2","0.5724958898728464","67359","5852","6.816371917724609"
"alt","0 - 30k","0","100.0","3","0.5660581966421794","67359","5852","6.902417182922363"
"alt","0 - 30k","0","100.0","4","0.5876794628704644","67359","5852","6.359325170516968"
"alt","0 - 30k","0","100.0","5","0.6078939884426601","67359","5852","6.878791332244873"
"alt","0 - 30k","0","100.0","6","0.5718989286799607","67359","5852","6.815977096557617"
"alt","0 - 30k","0","100.0","7","0.6168341391893312","67359","5852","6.765616416931152"
"alt","0 - 30k","0","100.0","8","0.5767214620210934","67359","5852","6.68017315864563"
"alt","0 - 30k","0","100.0","9","0.6094200975587485","67359","5852","6.952710866928101"
"alt","0 - 30k","0","100.0","10","0.6156444969475439","67359","5852","6.792907476425171"
"alt","30 - 100k","1","0.1","1","0.5841759406465289","15351","1405","2.3322315216064453"
"alt","30 - 100k","1","0.1","2","0.5734022257551669","15351","1405","2.1883935928344727"
"alt","30 - 100k","1","0.1","3","0.5813089560148382","15351","1405","2.1898117065429688"
"alt","30 - 100k","1","0.1","4","0.613963963963964","15351","1405","2.2225754261016846"
"alt","30 - 100k","1","0.1","5","0.6007260201377849","15351","1405","2.2075910568237305"
"alt","30 - 100k","1","0.1","6","0.5791944886062533","15351","1405","2.20536732673645"
"alt","30 - 100k","1","0.1","7","0.5829623741388448","15351","1405","2.2462103366851807"
"alt","30 - 100k","1","0.1","8","0.5751669316375199","15351","1405","2.170724391937256"
"alt","30 - 100k","1","0.1","9","0.5730365659777424","15351","1405","2.1943295001983643"
"alt","30 - 100k","1","0.1","10","0.575903550609433","15351","1405","2.1933114528656006"
"alt","30 - 100k","1","0.3","1","0.603577106518283","15351","1405","2.171705484390259"
"alt","30 - 100k","1","0.3","2","0.6057657657657658","15351","1405","2.1227190494537354"
"alt","30 - 100k","1","0.3","3","0.6063010068892422","15351","1405","2.123091459274292"
"alt","30 - 100k","1","0.3","4","0.6221674615792263","15351","1405","2.134127140045166"
"alt","30 - 100k","1","0.3","5","0.6205140434552199","15351","1405","2.1200203895568848"
"alt","30 - 100k","1","0.3","6","0.5933545310015899","15351","1405","2.135549306869507"
"alt","30 - 100k","1","0.3","7","0.6054160042395337","15351","1405","2.1510770320892334"
"alt","30 - 100k","1","0.3","8","0.575002649708532","15351","1405","2.1091063022613525"
"alt","30 - 100k","1","0.3","9","0.6010598834128246","15351","1405","2.119022846221924"
"alt","30 - 100k","1","0.3","10","0.6481822999470059","15351","1405","2.132781744003296"
"alt","30 - 100k","1","1.0","1","0.6435877053524113","15351","1405","2.1315507888793945"
"alt","30 - 100k","1","1.0","2","0.59697933227345","15351","1405","2.0939340591430664"
"alt","30 - 100k","1","1.0","3","0.6066507684154743","15351","1405","2.051741361618042"
"alt","30 - 100k","1","1.0","4","0.6477636459989402","15351","1405","2.0854265689849854"
"alt","30 - 100k","1","1.0","5","0.64404875463699","15351","1405","2.072401762008667"
"alt","30 - 100k","1","1.0","6","0.6012453630100688","15351","1405","2.0991671085357666"
"alt","30 - 100k","1","1.0","7","0.6324271330153683","15351","1405","2.1204068660736084"
"alt","30 - 100k","1","1.0","8","0.5807790143084262","15351","1405","2.086215019226074"
"alt","30 - 100k","1","1.0","9","0.6297986221515633","15351","1405","2.0858891010284424"
"alt","30 - 100k","1","1.0","10","0.6502437731849497","15351","1405","2.068570137023926"
"alt","30 - 100k","1","3.0","1","0.6407949125596185","15351","1405","2.1388306617736816"
"alt","30 - 100k","1","3.0","2","0.6275198728139905","15351","1405","2.1004204750061035"
"alt","30 - 100k","1","3.0","3","0.6003285638579756","15351","1405","2.0398313999176025"
"alt","30 - 100k","1","3.0","4","0.6676576576576577","15351","1405","2.096480131149292"
"alt","30 - 100k","1","3.0","5","0.6503020667726549","15351","1405","2.074763298034668"
"alt","30 - 100k","1","3.0","6","0.620386857445681","15351","1405","2.112048864364624"
"alt","30 - 100k","1","3.0","7","0.6190620031796502","15351","1405","2.125063419342041"
"alt","30 - 100k","1","3.0","8","0.5501695813460519","15351","1405","2.0946309566497803"
"alt","30 - 100k","1","3.0","9","0.6366401695813461","15351","1405","2.0894734859466553"
"alt","30 - 100k","1","3.0","10","0.6550980392156863","15351","1405","2.071528196334839"
"alt","30 - 100k","1","5.0","1","0.6204981452040275","15351","1405","2.1507408618927"
"alt","30 - 100k","1","5.0","2","0.6458876523582406","15351","1405","2.1049840450286865"
"alt","30 - 100k","1","5.0","3","0.6325225225225225","15351","1405","2.0709731578826904"
"alt","30 - 100k","1","5.0","4","0.6694965553789083","15351","1405","2.1058638095855713"
"alt","30 - 100k","1","5.0","5","0.6588341282458929","15351","1405","2.078622341156006"
"alt","30 - 100k","1","5.0","6","0.5717223105458399","15351","1405","2.113898754119873"
"alt","30 - 100k","1","5.0","7","0.6069104398516163","15351","1405","2.157599925994873"
"alt","30 - 100k","1","5.0","8","0.5955643879173291","15351","1405","2.0979971885681152"
"alt","30 - 100k","1","5.0","9","0.6322098569157393","15351","1405","2.085123062133789"
"alt","30 - 100k","1","5.0","10","0.6724907260201378","15351","1405","2.0979526042938232"
"alt","30 - 100k","1","10.0","1","0.5957180710121887","15351","1405","2.2372491359710693"
"alt","30 - 100k","1","10.0","2","0.6528934817170111","15351","1405","2.1797945499420166"
"alt","30 - 100k","1","10.0","3","0.6094117647058823","15351","1405","2.141964912414551"
"alt","30 - 100k","1","10.0","4","0.653317435082141","15351","1405","2.2093329429626465"
"alt","30 - 100k","1","10.0","5","0.6800688924218337","15351","1405","2.1495654582977295"
"alt","30 - 100k","1","10.0","6","0.6267514573396926","15351","1405","2.175266742706299"
"alt","30 - 100k","1","10.0","7","0.607758346581876","15351","1405","2.2237465381622314"
"alt","30 - 100k","1","10.0","8","0.5801589825119237","15351","1405","2.188575267791748"
"alt","30 - 100k","1","10.0","9","0.6418812930577636","15351","1405","2.1903650760650635"
"alt","30 - 100k","1","10.0","10","0.6331107578166402","15351","1405","2.1673521995544434"
"alt","30 - 100k","1","30.0","1","0.5999311075781664","15351","1405","2.5084283351898193"
"alt","30 - 100k","1","30.0","2","0.6359247482776894","15351","1405","2.474794387817383"
"alt","30 - 100k","1","30.0","3","0.5634870164281929","15351","1405","2.434330463409424"
"alt","30 - 100k","1","30.0","4","0.6322310545839956","15351","1405","2.534682035446167"
"alt","30 - 100k","1","30.0","5","0.6412771595124537","15351","1405","2.4109530448913574"
"alt","30 - 100k","1","30.0","6","0.5869316375198728","15351","1405","2.4886302947998047"
"alt","30 - 100k","1","30.0","7","0.6165659777424483","15351","1405","2.533453941345215"
"alt","30 - 100k","1","30.0","8","0.5556544780074192","15351","1405","2.5013041496276855"
"alt","30 - 100k","1","30.0","9","0.6099841017488077","15351","1405","2.4448020458221436"
"alt","30 - 100k","1","30.0","10","0.622284048754637","15351","1405","2.4167959690093994"
"alt","30 - 100k","1","100.0","1","0.5955378908320084","15351","1405","3.1862411499023438"
"alt","30 - 100k","1","100.0","2","0.5912506624271331","15351","1405","3.2391889095306396"
"alt","30 - 100k","1","100.0","3","0.5608055113937467","15351","1405","3.1335246562957764"
"alt","30 - 100k","1","100.0","4","0.5950026497085321","15351","1405","3.2349324226379395"
"alt","30 - 100k","1","100.0","5","0.624181240063593","15351","1405","3.0604982376098633"
"alt","30 - 100k","1","100.0","6","0.5784207737148913","15351","1405","3.2395179271698"
"alt","30 - 100k","1","100.0","7","0.5715421303656598","15351","1405","3.8479485511779785"
"alt","30 - 100k","1","100.0","8","0.5862692103868575","15351","1405","3.2498905658721924"
"alt","30 - 100k","1","100.0","9","0.5690037095919448","15351","1405","3.142711639404297"
"alt","30 - 100k","1","100.0","10","0.5968415474297827","15351","1405","3.1185760498046875"
"alt","100k+","2","0.1","1","0.6382394335856156","5138","1315","2.5920286178588867"
"alt","100k+","2","0.1","2","0.6422522535460738","5138","1315","2.5343329906463623"
"alt","100k+","2","0.1","3","0.639418266768154","5138","1315","2.6197879314422607"
"alt","100k+","2","0.1","4","0.6388821071074666","5138","1315","2.620244026184082"
"alt","100k+","2","0.1","5","0.6461992503339029","5138","1315","2.629657506942749"
"alt","100k+","2","0.1","6","0.6403242329805212","5138","1315","2.6181447505950928"
"alt","100k+","2","0.1","7","0.6402584098078921","5138","1315","2.607806444168091"
"alt","100k+","2","0.1","8","0.6422115628575396","5138","1315","2.6189377307891846"
"alt","100k+","2","0.1","9","0.6410578621590959","5138","1315","2.6228256225585938"
"alt","100k+","2","0.1","10","0.6403242329805212","5138","1315","2.619483709335327"
"alt","100k+","2","0.3","1","0.5925904649748914","5138","1315","2.4456593990325928"
"alt","100k+","2","0.3","2","0.5912392947585606","5138","1315","2.443472146987915"
"alt","100k+","2","0.3","3","0.600196033375939","5138","1315","2.3778865337371826"
"alt","100k+","2","0.3","4","0.5986222611576262","5138","1315","2.442077398300171"
"alt","100k+","2","0.3","5","0.616156357561048","5138","1315","2.435483694076538"
"alt","100k+","2","0.3","6","0.6115666872513679","5138","1315","2.3988568782806396"
"alt","100k+","2","0.3","7","0.5921045702823933","5138","1315","2.3789548873901367"
"alt","100k+","2","0.3","8","0.6118144217374446","5138","1315","2.4450440406799316"
"alt","100k+","2","0.3","9","0.604851526858248","5138","1315","2.4419302940368652"
"alt","100k+","2","0.3","10","0.6014813804196407","5138","1315","2.3906800746917725"
"alt","100k+","2","1.0","1","0.5700119199781707","5138","1315","2.2613842487335205"
"alt","100k+","2","1.0","2","0.5843577812564328","5138","1315","2.2738404273986816"
"alt","100k+","2","1.0","3","0.5806333864705855","5138","1315","2.27937388420105"
"alt","100k+","2","1.0","4","0.567795474238007","5138","1315","2.273012161254883"
"alt","100k+","2","1.0","5","0.5765954340260324","5138","1315","2.274268388748169"
"alt","100k+","2","1.0","6","0.5785234545915852","5138","1315","2.272952079772949"
"alt","100k+","2","1.0","7","0.5744699439425927","5138","1315","2.276073932647705"
"alt","100k+","2","1.0","8","0.5809876348178254","5138","1315","2.2835841178894043"
"alt","100k+","2","1.0","9","0.5701686988075234","5138","1315","2.266242027282715"
"alt","100k+","2","1.0","10","0.577905913553829","5138","1315","2.2799620628356934"
"alt","100k+","2","3.0","1","0.540273010584366","5138","1315","2.226736068725586"
"alt","100k+","2","3.0","2","0.5494523512037263","5138","1315","2.22420334815979"
"alt","100k+","2","3.0","3","0.5397212927192391","5138","1315","2.217067241668701"
"alt","100k+","2","3.0","4","0.5520230452911299","5138","1315","2.279301643371582"
"alt","100k+","2","3.0","5","0.5512235929399262","5138","1315","2.2738161087036133"
"alt","100k+","2","3.0","6","0.534488948887708","5138","1315","2.2754430770874023"
"alt","100k+","2","3.0","7","0.5495181743763555","5138","1315","2.2855894565582275"
"alt","100k+","2","3.0","8","0.5410066397629409","5138","1315","2.286954164505005"
"alt","100k+","2","3.0","9","0.5384359456755373","5138","1315","2.275859832763672"
"alt","100k+","2","3.0","10","0.5418719152867736","5138","1315","2.281001329421997"
"alt","100k+","2","5.0","1","0.547630844499337","5138","1315","2.2887063026428223"
"alt","100k+","2","5.0","2","0.5599577295553226","5138","1315","2.2762835025787354"
"alt","100k+","2","5.0","3","0.5530857903328498","5138","1315","2.290215253829956"
"alt","100k+","2","5.0","4","0.5512235929399262","5138","1315","2.2848012447357178"
"alt","100k+","2","5.0","5","0.5582930016802861","5138","1315","2.2903788089752197"
"alt","100k+","2","5.0","6","0.5453485755865443","5138","1315","2.284517765045166"
"alt","100k+","2","5.0","7","0.5508693445926862","5138","1315","2.3066909313201904"
"alt","100k+","2","5.0","8","0.5526657188129809","5138","1315","2.274393320083618"
"alt","100k+","2","5.0","9","0.5510009909379443","5138","1315","2.2771759033203125"
"alt","100k+","2","5.0","10","0.5482328273326537","5138","1315","2.2923054695129395"
"alt","100k+","2","10.0","1","0.5383856807073478","5138","1315","2.349900722503662"
"alt","100k+","2","10.0","2","0.5355265614453332","5138","1315","2.353806734085083"
"alt","100k+","2","10.0","3","0.5492046167176496","5138","1315","2.3673133850097656"
"alt","100k+","2","10.0","4","0.5466339226302461","5138","1315","2.344993829727173"
"alt","100k+","2","10.0","5","0.5475398888426132","5138","1315","2.3535642623901367"
"alt","100k+","2","10.0","6","0.5450601504119335","5138","1315","2.36777400970459"
"alt","100k+","2","10.0","7","0.5411131536241042","5138","1315","2.363325357437134"
"alt","100k+","2","10.0","8","0.5516436644597952","5138","1315","2.362868070602417"
"alt","100k+","2","10.0","9","0.5459912491083951","5138","1315","2.368184804916382"
"alt","100k+","2","10.0","10","0.5456370007611552","5138","1315","2.3506484031677246"
"alt","100k+","2","30.0","1","0.5422010311499188","5138","1315","2.6915900707244873"
"alt","100k+","2","30.0","2","0.5377681396695916","5138","1315","2.6906254291534424"
"alt","100k+","2","30.0","3","0.5389218403680353","5138","1315","2.7208049297332764"
"alt","100k+","2","30.0","4","0.5455711775885262","5138","1315","2.681274175643921"
"alt","100k+","2","30.0","5","0.5401162317550134","5138","1315","2.689465045928955"
"alt","100k+","2","30.0","6","0.5371254661477407","5138","1315","2.6666083335876465"
"alt","100k+","2","30.0","7","0.5406272589316062","5138","1315","2.668774127960205"
"alt","100k+","2","30.0","8","0.5353542244115408","5138","1315","2.6848747730255127"
"alt","100k+","2","30.0","9","0.5364827926258898","5138","1315","2.675461530685425"
"alt","100k+","2","30.0","10","0.5473017286361916","5138","1315","2.6675057411193848"
"alt","100k+","2","100.0","1","0.5255573427544245","5138","1315","3.615297794342041"
"alt","100k+","2","100.0","2","0.5191054750518208","5138","1315","3.867964744567871"
"alt","100k+","2","100.0","3","0.5275511864926063","5138","1315","3.551480770111084"
"alt","100k+","2","100.0","4","0.5276828328378643","5138","1315","3.845287561416626"
"alt","100k+","2","100.0","5","0.5200365737482826","5138","1315","3.600691080093384"
"alt","100k+","2","100.0","6","0.5269085129707554","5138","1315","3.87188982963562"
"alt","100k+","2","100.0","7","0.523892614879388","5138","1315","3.610186815261841"
"alt","100k+","2","100.0","8","0.5239177473634827","5138","1315","3.6053199768066406"
"alt","100k+","2","100.0","9","0.5309213329312136","5138","1315","3.8623781204223633"
"alt","100k+","2","100.0","10","0.5282848156711809","5138","1315","3.8678555488586426"
"ref_alt","0 - 30k","0","0.1","1","0.6573516466427264","67359","5852","8.267345905303955"
"ref_alt","0 - 30k","0","0.1","2","0.6613850878832453","67359","5852","8.160837888717651"
"ref_alt","0 - 30k","0","0.1","3","0.6527966223005965","67359","5852","8.269665241241455"
"ref_alt","0 - 30k","0","0.1","4","0.6618078709945581","67359","5852","8.230762720108032"
"ref_alt","0 - 30k","0","0.1","5","0.6610143798570717","67359","5852","8.233248949050903"
"ref_alt","0 - 30k","0","0.1","6","0.6464571345957856","67359","5852","8.303310632705688"
"ref_alt","0 - 30k","0","0.1","7","0.6555036944776156","67359","5852","7.762636423110962"
"ref_alt","0 - 30k","0","0.1","8","0.6553576940106043","67359","5852","8.511740446090698"
"ref_alt","0 - 30k","0","0.1","9","0.6549522692610046","67359","5852","7.734745502471924"
"ref_alt","0 - 30k","0","0.1","10","0.6564409271172327","67359","5852","8.075544118881226"
"ref_alt","0 - 30k","0","0.3","1","0.6567058204726897","67359","5852","8.019109010696411"
"ref_alt","0 - 30k","0","0.3","2","0.6576419830763107","67359","5852","7.799191474914551"
"ref_alt","0 - 30k","0","0.3","3","0.6557169883194871","67359","5852","7.975826978683472"
"ref_alt","0 - 30k","0","0.3","4","0.6577168855960315","67359","5852","7.9377663135528564"
"ref_alt","0 - 30k","0","0.3","5","0.6661479369943784","67359","5852","7.970712423324585"
"ref_alt","0 - 30k","0","0.3","6","0.6456229820904509","67359","5852","8.096321105957031"
"ref_alt","0 - 30k","0","0.3","7","0.65386416154595","67359","5852","7.9637370109558105"
"ref_alt","0 - 30k","0","0.3","8","0.6559563197039281","67359","5852","7.939759969711304"
"ref_alt","0 - 30k","0","0.3","9","0.6604212232366163","67359","5852","7.9789087772369385"
"ref_alt","0 - 30k","0","0.3","10","0.6534348393257727","67359","5852","7.744828939437866"
"ref_alt","0 - 30k","0","1.0","1","0.6601037792244664","67359","5852","7.902622938156128"
"ref_alt","0 - 30k","0","1.0","2","0.6593352555935537","67359","5852","7.244481563568115"
"ref_alt","0 - 30k","0","1.0","3","0.6566260433445426","67359","5852","7.93131685256958"
"ref_alt","0 - 30k","0","1.0","4","0.6517068500851035","67359","5852","7.917514085769653"
"ref_alt","0 - 30k","0","1.0","5","0.6682216667546474","67359","5852","7.847177743911743"
"ref_alt","0 - 30k","0","1.0","6","0.6466031350627968","67359","5852","7.935219764709473"
"ref_alt","0 - 30k","0","1.0","7","0.6510561493066405","67359","5852","7.875349283218384"
"ref_alt","0 - 30k","0","1.0","8","0.6492380392565293","67359","5852","7.897541046142578"
"ref_alt","0 - 30k","0","1.0","9","0.6592180272055463","67359","5852","7.922938823699951"
"ref_alt","0 - 30k","0","1.0","10","0.6517041155486692","67359","5852","7.756766080856323"
"ref_alt","0 - 30k","0","3.0","1","0.6566499408151201","67359","5852","7.9050915241241455"
"ref_alt","0 - 30k","0","3.0","2","0.6468213035130945","67359","5852","7.764788866043091"
"ref_alt","0 - 30k","0","3.0","3","0.6425773029671384","67359","5852","7.852344036102295"
"ref_alt","0 - 30k","0","3.0","4","0.6433663950677523","67359","5852","7.912090301513672"
"ref_alt","0 - 30k","0","3.0","5","0.6481542116854588","67359","5852","7.770945310592651"
"ref_alt","0 - 30k","0","3.0","6","0.6436230848139064","67359","5852","7.873903036117554"
"ref_alt","0 - 30k","0","3.0","7","0.6532145308034829","67359","5852","7.878157377243042"
"ref_alt","0 - 30k","0","3.0","8","0.6470970161214001","67359","5852","7.858976602554321"
"ref_alt","0 - 30k","0","3.0","9","0.6595898052677159","67359","5852","7.880462884902954"
"ref_alt","0 - 30k","0","3.0","10","0.6486106414842018","67359","5852","7.790698528289795"
"ref_alt","0 - 30k","0","5.0","1","0.6533594612344982","67359","5852","7.888660669326782"
"ref_alt","0 - 30k","0","5.0","2","0.6483088913333267","67359","5852","7.8008410930633545"
"ref_alt","0 - 30k","0","5.0","3","0.6351670659089861","67359","5852","7.881091117858887"
"ref_alt","0 - 30k","0","5.0","4","0.6351556521916952","67359","5852","7.906255722045898"
"ref_alt","0 - 30k","0","5.0","5","0.64485124835155","67359","5852","7.826432466506958"
"ref_alt","0 - 30k","0","5.0","6","0.644058351678506","67359","5852","7.8891682624816895"
"ref_alt","0 - 30k","0","5.0","7","0.6482068812350403","67359","5852","7.900006055831909"
"ref_alt","0 - 30k","0","5.0","8","0.6363137878180444","67359","5852","7.881110191345215"
"ref_alt","0 - 30k","0","5.0","9","0.6602931755957604","67359","5852","7.974123001098633"
"ref_alt","0 - 30k","0","5.0","10","0.6479523315608782","67359","5852","7.793835163116455"
"ref_alt","0 - 30k","0","10.0","1","0.6392195300116562","67359","5852","8.007274150848389"
"ref_alt","0 - 30k","0","10.0","2","0.6421729482535348","67359","5852","7.771785497665405"
"ref_alt","0 - 30k","0","10.0","3","0.6284862367214477","67359","5852","7.993329048156738"
"ref_alt","0 - 30k","0","10.0","4","0.6353852343592841","67359","5852","7.98804235458374"
"ref_alt","0 - 30k","0","10.0","5","0.651129387325923","67359","5852","7.81833815574646"
"ref_alt","0 - 30k","0","10.0","6","0.6385421972261813","67359","5852","7.632455825805664"
"ref_alt","0 - 30k","0","10.0","7","0.6384787084237513","67359","5852","8.008410930633545"
"ref_alt","0 - 30k","0","10.0","8","0.6420584544019616","67359","5852","8.022954225540161"
"ref_alt","0 - 30k","0","10.0","9","0.6564751682691051","67359","5852","7.99673318862915"
"ref_alt","0 - 30k","0","10.0","10","0.6512466157139304","67359","5852","7.806426048278809"
"ref_alt","0 - 30k","0","30.0","1","0.6054175684692256","67359","5852","8.344342708587646"
"ref_alt","0 - 30k","0","30.0","2","0.6095519497720348","67359","5852","8.155890226364136"
"ref_alt","0 - 30k","0","30.0","3","0.6029997626897947","67359","5852","8.211698055267334"
"ref_alt","0 - 30k","0","30.0","4","0.6003002996576361","67359","5852","8.215449094772339"
"ref_alt","0 - 30k","0","30.0","5","0.638029887769869","67359","5852","8.196579217910767"
"ref_alt","0 - 30k","0","30.0","6","0.5988664514229813","67359","5852","8.26759648323059"
"ref_alt","0 - 30k","0","30.0","7","0.6147094043799188","67359","5852","8.396339178085327"
"ref_alt","0 - 30k","0","30.0","8","0.6084871450631154","67359","5852","8.259544849395752"
"ref_alt","0 - 30k","0","30.0","9","0.6307070369847242","67359","5852","8.367473363876343"
"ref_alt","0 - 30k","0","30.0","10","0.6303113614519769","67359","5852","8.140252590179443"
"ref_alt","0 - 30k","0","100.0","1","0.5552201587172504","67359","5852","9.501385688781738"
"ref_alt","0 - 30k","0","100.0","2","0.5725083736261333","67359","5852","9.842686176300049"
"ref_alt","0 - 30k","0","100.0","3","0.5623362547693882","67359","5852","9.480533123016357"
"ref_alt","0 - 30k","0","100.0","4","0.5851482332754563","67359","5852","9.817204713821411"
"ref_alt","0 - 30k","0","100.0","5","0.6065111452571487","67359","5852","9.61512279510498"
"ref_alt","0 - 30k","0","100.0","6","0.5724188472811337","67359","5852","9.398721933364868"
"ref_alt","0 - 30k","0","100.0","7","0.6179027484706808","67359","5852","9.959848403930664"
"ref_alt","0 - 30k","0","100.0","8","0.5814658827345174","67359","5852","9.907497644424438"
"ref_alt","0 - 30k","0","100.0","9","0.6084225862246895","67359","5852","9.903985738754272"
"ref_alt","0 - 30k","0","100.0","10","0.6181171123485483","67359","5852","9.452558279037476"
"ref_alt","30 - 100k","1","0.1","1","0.5841759406465289","15351","1405","4.051557540893555"
"ref_alt","30 - 100k","1","0.1","2","0.5734022257551669","15351","1405","3.837412118911743"
"ref_alt","30 - 100k","1","0.1","3","0.5813089560148382","15351","1405","3.804453134536743"
"ref_alt","30 - 100k","1","0.1","4","0.613963963963964","15351","1405","3.9415605068206787"
"ref_alt","30 - 100k","1","0.1","5","0.6007260201377849","15351","1405","4.064126014709473"
"ref_alt","30 - 100k","1","0.1","6","0.579782723900371","15351","1405","3.95212984085083"
"ref_alt","30 - 100k","1","0.1","7","0.5829623741388448","15351","1405","3.8756792545318604"
"ref_alt","30 - 100k","1","0.1","8","0.5751669316375199","15351","1405","3.8867509365081787"
"ref_alt","30 - 100k","1","0.1","9","0.5730365659777424","15351","1405","3.9104163646698"
"ref_alt","30 - 100k","1","0.1","10","0.575002649708532","15351","1405","3.9158225059509277"
"ref_alt","30 - 100k","1","0.3","1","0.6029888712241654","15351","1405","3.7985849380493164"
"ref_alt","30 - 100k","1","0.3","2","0.6063540010598835","15351","1405","3.819498300552368"
"ref_alt","30 - 100k","1","0.3","3","0.6063010068892422","15351","1405","3.676365852355957"
"ref_alt","30 - 100k","1","0.3","4","0.6230683624801272","15351","1405","3.8423376083374023"
"ref_alt","30 - 100k","1","0.3","5","0.6187122416534182","15351","1405","3.7994577884674072"
"ref_alt","30 - 100k","1","0.3","6","0.5933545310015899","15351","1405","3.849343776702881"
"ref_alt","30 - 100k","1","0.3","7","0.6054160042395337","15351","1405","3.8615362644195557"
"ref_alt","30 - 100k","1","0.3","8","0.575002649708532","15351","1405","3.8149867057800293"
"ref_alt","30 - 100k","1","0.3","9","0.6019607843137255","15351","1405","3.809492826461792"
"ref_alt","30 - 100k","1","0.3","10","0.6478696343402227","15351","1405","3.7072041034698486"
"ref_alt","30 - 100k","1","1.0","1","0.6435877053524113","15351","1405","3.8150298595428467"
"ref_alt","30 - 100k","1","1.0","2","0.59697933227345","15351","1405","3.7425897121429443"
"ref_alt","30 - 100k","1","1.0","3","0.6060625331213566","15351","1405","3.7674195766448975"
"ref_alt","30 - 100k","1","1.0","4","0.6492898781134075","15351","1405","3.8062846660614014"
"ref_alt","30 - 100k","1","1.0","5","0.64404875463699","15351","1405","3.778639316558838"
"ref_alt","30 - 100k","1","1.0","6","0.6009326974032856","15351","1405","3.7409722805023193"
"ref_alt","30 - 100k","1","1.0","7","0.6336406995230525","15351","1405","3.6716229915618896"
"ref_alt","30 - 100k","1","1.0","8","0.5813672496025438","15351","1405","3.7465970516204834"
"ref_alt","30 - 100k","1","1.0","9","0.6294859565447801","15351","1405","3.787290334701538"
"ref_alt","30 - 100k","1","1.0","10","0.6502437731849497","15351","1405","3.7086944580078125"
"ref_alt","30 - 100k","1","3.0","1","0.6428722840487546","15351","1405","3.845714807510376"
"ref_alt","30 - 100k","1","3.0","2","0.6281081081081081","15351","1405","3.779942035675049"
"ref_alt","30 - 100k","1","3.0","3","0.6015050344462108","15351","1405","3.69569993019104"
"ref_alt","30 - 100k","1","3.0","4","0.6688712241653418","15351","1405","3.780715227127075"
"ref_alt","30 - 100k","1","3.0","5","0.6514785373608902","15351","1405","3.7278194427490234"
"ref_alt","30 - 100k","1","3.0","6","0.6008797032326444","15351","1405","3.7869749069213867"
"ref_alt","30 - 100k","1","3.0","7","0.6211764705882352","15351","1405","3.84914493560791"
"ref_alt","30 - 100k","1","3.0","8","0.5498940116587175","15351","1405","3.7867467403411865"
"ref_alt","30 - 100k","1","3.0","9","0.6558717541070482","15351","1405","3.7381176948547363"
"ref_alt","30 - 100k","1","3.0","10","0.657450980392157","15351","1405","3.7617053985595703"
"ref_alt","30 - 100k","1","5.0","1","0.619009009009009","15351","1405","3.837740421295166"
"ref_alt","30 - 100k","1","5.0","2","0.6441229464758876","15351","1405","3.7361371517181396"
"ref_alt","30 - 100k","1","5.0","3","0.6298198198198198","15351","1405","3.5759758949279785"
"ref_alt","30 - 100k","1","5.0","4","0.6680445151033386","15351","1405","3.7617452144622803"
"ref_alt","30 - 100k","1","5.0","5","0.6588341282458929","15351","1405","3.612506628036499"
"ref_alt","30 - 100k","1","5.0","6","0.5717223105458399","15351","1405","3.7482244968414307"
"ref_alt","30 - 100k","1","5.0","7","0.6098887122416534","15351","1405","3.806140184402466"
"ref_alt","30 - 100k","1","5.0","8","0.5952517223105459","15351","1405","3.759552001953125"
"ref_alt","30 - 100k","1","5.0","9","0.6333863275039745","15351","1405","3.7189388275146484"
"ref_alt","30 - 100k","1","5.0","10","0.6677106518282989","15351","1405","3.7271575927734375"
"ref_alt","30 - 100k","1","10.0","1","0.595129835718071","15351","1405","3.9041788578033447"
"ref_alt","30 - 100k","1","10.0","2","0.6528934817170111","15351","1405","3.692594051361084"
"ref_alt","30 - 100k","1","10.0","3","0.6085108638049814","15351","1405","3.6964986324310303"
"ref_alt","30 - 100k","1","10.0","4","0.6557445680975091","15351","1405","3.7521450519561768"
"ref_alt","30 - 100k","1","10.0","5","0.6794806571277161","15351","1405","3.704158067703247"
"ref_alt","30 - 100k","1","10.0","6","0.6246740858505564","15351","1405","3.7374050617218018"
"ref_alt","30 - 100k","1","10.0","7","0.6101112877583466","15351","1405","3.8763298988342285"
"ref_alt","30 - 100k","1","10.0","8","0.5778060413354531","15351","1405","3.8250343799591064"
"ref_alt","30 - 100k","1","10.0","9","0.6268044515103338","15351","1405","3.595154047012329"
"ref_alt","30 - 100k","1","10.0","10","0.6328351881293058","15351","1405","3.6913700103759766"
"ref_alt","30 - 100k","1","30.0","1","0.5999311075781664","15351","1405","4.160457372665405"
"ref_alt","30 - 100k","1","30.0","2","0.6350238473767885","15351","1405","4.003801345825195"
"ref_alt","30 - 100k","1","30.0","3","0.557456279809221","15351","1405","3.890275001525879"
"ref_alt","30 - 100k","1","30.0","4","0.6373237943826179","15351","1405","3.9988982677459717"
"ref_alt","30 - 100k","1","30.0","5","0.6401006889242182","15351","1405","4.0044846534729"
"ref_alt","30 - 100k","1","30.0","6","0.5895972443031267","15351","1405","4.039179801940918"
"ref_alt","30 - 100k","1","30.0","7","0.6180551139374669","15351","1405","4.106151342391968"
"ref_alt","30 - 100k","1","30.0","8","0.5526391096979332","15351","1405","3.9208438396453857"
"ref_alt","30 - 100k","1","30.0","9","0.5859353471118176","15351","1405","4.0530548095703125"
"ref_alt","30 - 100k","1","30.0","10","0.6202066772655008","15351","1405","3.9165587425231934"
"ref_alt","30 - 100k","1","100.0","1","0.6006306306306306","15351","1405","4.716336727142334"
"ref_alt","30 - 100k","1","100.0","2","0.5921515633280339","15351","1405","4.753638982772827"
"ref_alt","30 - 100k","1","100.0","3","0.5566507684154742","15351","1405","4.6401686668396"
"ref_alt","30 - 100k","1","100.0","4","0.5946899841017489","15351","1405","4.781083106994629"
"ref_alt","30 - 100k","1","100.0","5","0.6344038155802862","15351","1405","4.423490047454834"
"ref_alt","30 - 100k","1","100.0","6","0.5802225755166931","15351","1405","4.713179588317871"
"ref_alt","30 - 100k","1","100.0","7","0.5622204557498675","15351","1405","5.2421910762786865"
"ref_alt","30 - 100k","1","100.0","8","0.5874456809750928","15351","1405","4.755829334259033"
"ref_alt","30 - 100k","1","100.0","9","0.5731955484896661","15351","1405","4.6257476806640625"
"ref_alt","30 - 100k","1","100.0","10","0.5940646528881823","15351","1405","4.620505094528198"
"ref_alt","100k+","2","0.1","1","0.6372425117165247","5138","1315","4.370006799697876"
"ref_alt","100k+","2","0.1","2","0.6422522535460738","5138","1315","4.487778425216675"
"ref_alt","100k+","2","0.1","3","0.639418266768154","5138","1315","4.5749359130859375"
"ref_alt","100k+","2","0.1","4","0.6382394335856156","5138","1315","4.485981225967407"
"ref_alt","100k+","2","0.1","5","0.6452681516374411","5138","1315","4.520289182662964"
"ref_alt","100k+","2","0.1","6","0.6396815594586702","5138","1315","4.493697643280029"
"ref_alt","100k+","2","0.1","7","0.6409010833297429","5138","1315","4.359378337860107"
"ref_alt","100k+","2","0.1","8","0.6415688893356887","5138","1315","4.502028703689575"
"ref_alt","100k+","2","0.1","9","0.6375560693752305","5138","1315","4.552692413330078"
"ref_alt","100k+","2","0.1","10","0.640612658155132","5138","1315","4.522592067718506"
"ref_alt","100k+","2","0.3","1","0.589377097365637","5138","1315","4.308664321899414"
"ref_alt","100k+","2","0.3","2","0.5899539477148588","5138","1315","4.313986301422119"
"ref_alt","100k+","2","0.3","3","0.5936783425007062","5138","1315","4.321978330612183"
"ref_alt","100k+","2","0.3","4","0.5974027372865534","5138","1315","4.3163745403289795"
"ref_alt","100k+","2","0.3","5","0.616156357561048","5138","1315","4.314253807067871"
"ref_alt","100k+","2","0.3","6","0.6122093607732189","5138","1315","4.325612545013428"
"ref_alt","100k+","2","0.3","7","0.5986222611576262","5138","1315","4.314840078353882"
"ref_alt","100k+","2","0.3","8","0.5956973187229826","5138","1315","4.341401815414429"
"ref_alt","100k+","2","0.3","9","0.5974027372865534","5138","1315","4.301964044570923"
"ref_alt","100k+","2","0.3","10","0.5946752643697969","5138","1315","4.3312904834747314"
"ref_alt","100k+","2","1.0","1","0.5774607095498653","5138","1315","3.9768424034118652"
"ref_alt","100k+","2","1.0","2","0.5850004547782837","5138","1315","3.9671826362609863"
"ref_alt","100k+","2","1.0","3","0.5837809309072108","5138","1315","3.8918614387512207"
"ref_alt","100k+","2","1.0","4","0.5680838994126179","5138","1315","3.9927632808685303"
"ref_alt","100k+","2","1.0","5","0.5756643353295706","5138","1315","4.00044059753418"
"ref_alt","100k+","2","1.0","6","0.579166128113436","5138","1315","3.9808619022369385"
"ref_alt","100k+","2","1.0","7","0.5772632400319782","5138","1315","4.000044584274292"
"ref_alt","100k+","2","1.0","8","0.5806333864705855","5138","1315","3.9052274227142334"
"ref_alt","100k+","2","1.0","9","0.5708113723293743","5138","1315","3.9753453731536865"
"ref_alt","100k+","2","1.0","10","0.5785485870756799","5138","1315","3.89778208732605"
"ref_alt","100k+","2","3.0","1","0.5396303370625152","5138","1315","3.752722978591919"
"ref_alt","100k+","2","3.0","2","0.5481670041600245","5138","1315","3.850647211074829"
"ref_alt","100k+","2","3.0","3","0.5384359456755373","5138","1315","3.8472461700439453"
"ref_alt","100k+","2","3.0","4","0.5507376982474281","5138","1315","3.931664228439331"
"ref_alt","100k+","2","3.0","5","0.5506467425907043","5138","1315","3.9820477962493896"
"ref_alt","100k+","2","3.0","6","0.534488948887708","5138","1315","3.9308278560638428"
"ref_alt","100k+","2","3.0","7","0.5495181743763555","5138","1315","3.9553253650665283"
"ref_alt","100k+","2","3.0","8","0.5422919868066427","5138","1315","3.932866334915161"
"ref_alt","100k+","2","3.0","9","0.5384359456755373","5138","1315","3.931154251098633"
"ref_alt","100k+","2","3.0","10","0.5428030139832354","5138","1315","3.846266746520996"
"ref_alt","100k+","2","5.0","1","0.547630844499337","5138","1315","3.8891189098358154"
"ref_alt","100k+","2","5.0","2","0.5565217599440861","5138","1315","3.906263589859009"
"ref_alt","100k+","2","5.0","3","0.552154691636388","5138","1315","3.915412425994873"
"ref_alt","100k+","2","5.0","4","0.5499382458962244","5138","1315","3.9111275672912598"
"ref_alt","100k+","2","5.0","5","0.5570734778092133","5138","1315","3.9058828353881836"
"ref_alt","100k+","2","5.0","6","0.5449943272393043","5138","1315","3.899658441543579"
"ref_alt","100k+","2","5.0","7","0.5537284638547006","5138","1315","3.9106028079986572"
"ref_alt","100k+","2","5.0","8","0.5520230452911299","5138","1315","3.9141743183135986"
"ref_alt","100k+","2","5.0","9","0.5503583174160934","5138","1315","3.9399523735046387"
"ref_alt","100k+","2","5.0","10","0.545727956417879","5138","1315","3.9277491569519043"
"ref_alt","100k+","2","10.0","1","0.5349497110961113","5138","1315","3.913222312927246"
"ref_alt","100k+","2","10.0","2","0.5389625310565695","5138","1315","3.8793106079101562"
"ref_alt","100k+","2","10.0","3","0.5504899637613515","5138","1315","3.987739086151123"
"ref_alt","100k+","2","10.0","4","0.5457028239337843","5138","1315","3.875891923904419"
"ref_alt","100k+","2","10.0","5","0.537231980008904","5138","1315","3.882368326187134"
"ref_alt","100k+","2","10.0","6","0.547210772979468","5138","1315","3.761901378631592"
"ref_alt","100k+","2","10.0","7","0.5404704801022533","5138","1315","3.7605831623077393"
"ref_alt","100k+","2","10.0","8","0.552929011503497","5138","1315","3.8810653686523438"
"ref_alt","100k+","2","10.0","9","0.5525089399836279","5138","1315","3.898721694946289"
"ref_alt","100k+","2","10.0","10","0.5449943272393043","5138","1315","3.850137948989868"
"ref_alt","100k+","2","30.0","1","0.5343979932309844","5138","1315","4.240787029266357"
"ref_alt","100k+","2","30.0","2","0.5377681396695916","5138","1315","4.084955453872681"
"ref_alt","100k+","2","30.0","3","0.5382791668461844","5138","1315","4.210208177566528"
"ref_alt","100k+","2","30.0","4","0.5496498207216135","5138","1315","4.1508471965789795"
"ref_alt","100k+","2","30.0","5","0.5385424595367007","5138","1315","4.059006690979004"
"ref_alt","100k+","2","30.0","6","0.5386992383660534","5138","1315","4.147732496261597"
"ref_alt","100k+","2","30.0","7","0.541269932453457","5138","1315","4.176958322525024"
"ref_alt","100k+","2","30.0","8","0.5347115508896899","5138","1315","4.1911280155181885"
"ref_alt","100k+","2","30.0","9","0.5351974455821881","5138","1315","4.154800891876221"
"ref_alt","100k+","2","30.0","10","0.5473017286361916","5138","1315","4.156304836273193"
"ref_alt","100k+","2","100.0","1","0.5255573427544245","5138","1315","5.774563312530518"
"ref_alt","100k+","2","100.0","2","0.5184628015299699","5138","1315","6.033884286880493"
"ref_alt","100k+","2","100.0","3","0.5229615161829262","5138","1315","5.375038385391235"
"ref_alt","100k+","2","100.0","4","0.5255322102703298","5138","1315","5.7364113330841064"
"ref_alt","100k+","2","100.0","5","0.5225414446630571","5138","1315","5.774662971496582"
"ref_alt","100k+","2","100.0","6","0.5269085129707554","5138","1315","5.342349290847778"
"ref_alt","100k+","2","100.0","7","0.5220304174864644","5138","1315","5.747076511383057"
"ref_alt","100k+","2","100.0","8","0.5252030944071845","5138","1315","5.344874143600464"
"ref_alt","100k+","2","100.0","9","0.549831732035061","5138","1315","5.335876941680908"
"ref_alt","100k+","2","100.0","10","0.5239177473634827","5138","1315","5.784717321395874"
"ref_alt_tissue","0 - 30k","0","0.1","1","0.658500033052223","67359","5852","8.422051191329956"
"ref_alt_tissue","0 - 30k","0","0.1","2","0.6620472023789991","67359","5852","8.263574838638306"
"ref_alt_tissue","0 - 30k","0","0.1","3","0.652205605752133","67359","5852","7.950905084609985"
"ref_alt_tissue","0 - 30k","0","0.1","4","0.661112109811374","67359","5852","8.39146113395691"
"ref_alt_tissue","0 - 30k","0","0.1","5","0.6607126297061967","67359","5852","8.409537553787231"
"ref_alt_tissue","0 - 30k","0","0.1","6","0.6474421621765578","67359","5852","8.519887924194336"
"ref_alt_tissue","0 - 30k","0","0.1","7","0.655004938810586","67359","5852","8.452206134796143"
"ref_alt_tissue","0 - 30k","0","0.1","8","0.6551606884944499","67359","5852","7.855997085571289"
"ref_alt_tissue","0 - 30k","0","0.1","9","0.6541978938838169","67359","5852","7.929234504699707"
"ref_alt_tissue","0 - 30k","0","0.1","10","0.6560930465256406","67359","5852","8.24485731124878"
"ref_alt_tissue","0 - 30k","0","0.3","1","0.6573429674618699","67359","5852","7.648747444152832"
"ref_alt_tissue","0 - 30k","0","0.3","2","0.6564474662260972","67359","5852","7.935195446014404"
"ref_alt_tissue","0 - 30k","0","0.3","3","0.657804271869039","67359","5852","7.62372350692749"
"ref_alt_tissue","0 - 30k","0","0.3","4","0.6567779884559761","67359","5852","8.182883739471436"
"ref_alt_tissue","0 - 30k","0","0.3","5","0.6659970619189407","67359","5852","8.107237577438354"
"ref_alt_tissue","0 - 30k","0","0.3","6","0.6462726128329179","67359","5852","8.186465978622437"
"ref_alt_tissue","0 - 30k","0","0.3","7","0.6548030586860052","67359","5852","8.581581115722656"
"ref_alt_tissue","0 - 30k","0","0.3","8","0.654657058218994","67359","5852","8.640341758728027"
"ref_alt_tissue","0 - 30k","0","0.3","9","0.6607104896342046","67359","5852","7.700409889221191"
"ref_alt_tissue","0 - 30k","0","0.3","10","0.6531081216683239","67359","5852","8.44804072380066"
"ref_alt_tissue","0 - 30k","0","1.0","1","0.6605813719573527","67359","5852","8.52518892288208"
"ref_alt_tissue","0 - 30k","0","1.0","2","0.6584761355816454","67359","5852","7.798739194869995"
"ref_alt_tissue","0 - 30k","0","1.0","3","0.6549664175147297","67359","5852","8.520294904708862"
"ref_alt_tissue","0 - 30k","0","1.0","4","0.6527168451724494","67359","5852","8.4939866065979"
"ref_alt_tissue","0 - 30k","0","1.0","5","0.6689885258851218","67359","5852","8.470882654190063"
"ref_alt_tissue","0 - 30k","0","1.0","6","0.6453749715251532","67359","5852","8.510466575622559"
"ref_alt_tissue","0 - 30k","0","1.0","7","0.6559888963553623","67359","5852","8.498599290847778"
"ref_alt_tissue","0 - 30k","0","1.0","8","0.648345272557191","67359","5852","8.479616641998291"
"ref_alt_tissue","0 - 30k","0","1.0","9","0.6575372384415901","67359","5852","8.590353965759277"
"ref_alt_tissue","0 - 30k","0","1.0","10","0.6526430126887246","67359","5852","6.869272708892822"
"ref_alt_tissue","0 - 30k","0","3.0","1","0.656188636407951","67359","5852","8.483215808868408"
"ref_alt_tissue","0 - 30k","0","3.0","2","0.6522951320971326","67359","5852","7.702233791351318"
"ref_alt_tissue","0 - 30k","0","3.0","3","0.6419987701719618","67359","5852","8.411009311676025"
"ref_alt_tissue","0 - 30k","0","3.0","4","0.6379723436118613","67359","5852","7.859362602233887"
"ref_alt_tissue","0 - 30k","0","3.0","5","0.650291430248158","67359","5852","7.87859845161438"
"ref_alt_tissue","0 - 30k","0","3.0","6","0.643426079297752","67359","5852","8.438862323760986"
"ref_alt_tissue","0 - 30k","0","3.0","7","0.6529041014717513","67359","5852","7.950467586517334"
"ref_alt_tissue","0 - 30k","0","3.0","8","0.6452403847754328","67359","5852","7.881199359893799"
"ref_alt_tissue","0 - 30k","0","3.0","9","0.6587556527623812","67359","5852","8.463321208953857"
"ref_alt_tissue","0 - 30k","0","3.0","10","0.6494822452493969","67359","5852","7.751088380813599"
"ref_alt_tissue","0 - 30k","0","5.0","1","0.6515950907699646","67359","5852","7.949577569961548"
"ref_alt_tissue","0 - 30k","0","5.0","2","0.6487365490530655","67359","5852","7.302613735198975"
"ref_alt_tissue","0 - 30k","0","5.0","3","0.6371284418896741","67359","5852","7.424055576324463"
"ref_alt_tissue","0 - 30k","0","5.0","4","0.6348327391066769","67359","5852","8.173460483551025"
"ref_alt_tissue","0 - 30k","0","5.0","5","0.6478101356662971","67359","5852","7.896242618560791"
"ref_alt_tissue","0 - 30k","0","5.0","6","0.6457852708831792","67359","5852","7.961960315704346"
"ref_alt_tissue","0 - 30k","0","5.0","7","0.6492331646481032","67359","5852","7.960724353790283"
"ref_alt_tissue","0 - 30k","0","5.0","8","0.6384510063807436","67359","5852","7.3972578048706055"
"ref_alt_tissue","0 - 30k","0","5.0","9","0.6638056281991104","67359","5852","7.92163610458374"
"ref_alt_tissue","0 - 30k","0","5.0","10","0.6486019623033452","67359","5852","7.813708782196045"
"ref_alt_tissue","0 - 30k","0","10.0","1","0.6466921858362427","67359","5852","8.06773829460144"
"ref_alt_tissue","0 - 30k","0","10.0","2","0.6398175612405379","67359","5852","7.314405679702759"
"ref_alt_tissue","0 - 30k","0","10.0","3","0.628079741935852","67359","5852","7.905710697174072"
"ref_alt_tissue","0 - 30k","0","10.0","4","0.6367979196597952","67359","5852","7.441314697265625"
"ref_alt_tissue","0 - 30k","0","10.0","5","0.6533925134574861","67359","5852","7.337491989135742"
"ref_alt_tissue","0 - 30k","0","10.0","6","0.6474649896111394","67359","5852","7.893903017044067"
"ref_alt_tissue","0 - 30k","0","10.0","7","0.6397356440403988","67359","5852","8.055034160614014"
"ref_alt_tissue","0 - 30k","0","10.0","8","0.6386094906010416","67359","5852","7.943434000015259"
"ref_alt_tissue","0 - 30k","0","10.0","9","0.6560225430427924","67359","5852","7.971255302429199"
"ref_alt_tissue","0 - 30k","0","10.0","10","0.6518625997689674","67359","5852","7.79887318611145"
"ref_alt_tissue","0 - 30k","0","30.0","1","0.5994873100864446","67359","5852","8.146514892578125"
"ref_alt_tissue","0 - 30k","0","30.0","2","0.6086255363852662","67359","5852","8.39603877067566"
"ref_alt_tissue","0 - 30k","0","30.0","3","0.6033514478538169","67359","5852","8.506591796875"
"ref_alt_tissue","0 - 30k","0","30.0","4","0.595996020417238","67359","5852","7.666908502578735"
"ref_alt_tissue","0 - 30k","0","30.0","5","0.6403603072762923","67359","5852","8.07662558555603"
"ref_alt_tissue","0 - 30k","0","30.0","6","0.6045709322106041","67359","5852","7.542048215866089"
"ref_alt_tissue","0 - 30k","0","30.0","7","0.6246172243456493","67359","5852","8.233175277709961"
"ref_alt_tissue","0 - 30k","0","30.0","8","0.6095307868378914","67359","5852","7.667083024978638"
"ref_alt_tissue","0 - 30k","0","30.0","9","0.6312682114181876","67359","5852","7.699387788772583"
"ref_alt_tissue","0 - 30k","0","30.0","10","0.629963480860385","67359","5852","8.196866273880005"
"ref_alt_tissue","0 - 30k","0","100.0","1","0.5595705683983654","67359","5852","8.356713056564331"
"ref_alt_tissue","0 - 30k","0","100.0","2","0.5754998375923144","67359","5852","8.18753957748413"
"ref_alt_tissue","0 - 30k","0","100.0","3","0.5723526239422695","67359","5852","8.720192670822144"
"ref_alt_tissue","0 - 30k","0","100.0","4","0.5789335831035134","67359","5852","8.78953218460083"
"ref_alt_tissue","0 - 30k","0","100.0","5","0.6006096589533716","67359","5852","8.458020210266113"
"ref_alt_tissue","0 - 30k","0","100.0","6","0.5847319892730081","67359","5852","8.688040256500244"
"ref_alt_tissue","0 - 30k","0","100.0","7","0.6097468152161971","67359","5852","8.493282556533813"
"ref_alt_tissue","0 - 30k","0","100.0","8","0.5767838807875274","67359","5852","8.783816814422607"
"ref_alt_tissue","0 - 30k","0","100.0","9","0.6059326124619722","67359","5852","8.472225666046143"
"ref_alt_tissue","0 - 30k","0","100.0","10","0.6193490804586221","67359","5852","8.86302900314331"
"ref_alt_tissue","30 - 100k","1","0.1","1","0.5841759406465289","15351","1405","4.04390549659729"
"ref_alt_tissue","30 - 100k","1","0.1","2","0.5728139904610493","15351","1405","3.950385093688965"
"ref_alt_tissue","30 - 100k","1","0.1","3","0.5813089560148382","15351","1405","3.8480565547943115"
"ref_alt_tissue","30 - 100k","1","0.1","4","0.6145521992580816","15351","1405","4.01024055480957"
"ref_alt_tissue","30 - 100k","1","0.1","5","0.5950079491255962","15351","1405","3.9907147884368896"
"ref_alt_tissue","30 - 100k","1","0.1","6","0.5803709591944887","15351","1405","3.96126389503479"
"ref_alt_tissue","30 - 100k","1","0.1","7","0.5835506094329624","15351","1405","4.000626564025879"
"ref_alt_tissue","30 - 100k","1","0.1","8","0.5778325384207738","15351","1405","3.960285186767578"
"ref_alt_tissue","30 - 100k","1","0.1","9","0.5730365659777424","15351","1405","3.923370838165283"
"ref_alt_tissue","30 - 100k","1","0.1","10","0.575002649708532","15351","1405","3.951934576034546"
"ref_alt_tissue","30 - 100k","1","0.3","1","0.6008744038155802","15351","1405","3.81599760055542"
"ref_alt_tissue","30 - 100k","1","0.3","2","0.6063540010598835","15351","1405","3.8299131393432617"
"ref_alt_tissue","30 - 100k","1","0.3","3","0.6063010068892422","15351","1405","3.8099732398986816"
"ref_alt_tissue","30 - 100k","1","0.3","4","0.6221674615792263","15351","1405","3.817607879638672"
"ref_alt_tissue","30 - 100k","1","0.3","5","0.6193004769475358","15351","1405","3.832257032394409"
"ref_alt_tissue","30 - 100k","1","0.3","6","0.5879491255961844","15351","1405","3.8793466091156006"
"ref_alt_tissue","30 - 100k","1","0.3","7","0.6054160042395337","15351","1405","3.870293617248535"
"ref_alt_tissue","30 - 100k","1","0.3","8","0.5735506094329624","15351","1405","3.800356149673462"
"ref_alt_tissue","30 - 100k","1","0.3","9","0.6001589825119237","15351","1405","3.7992939949035645"
"ref_alt_tissue","30 - 100k","1","0.3","10","0.6484578696343403","15351","1405","3.8141026496887207"
"ref_alt_tissue","30 - 100k","1","1.0","1","0.6441759406465288","15351","1405","3.81234073638916"
"ref_alt_tissue","30 - 100k","1","1.0","2","0.6092792792792793","15351","1405","3.7375845909118652"
"ref_alt_tissue","30 - 100k","1","1.0","3","0.6130312665606784","15351","1405","3.6827735900878906"
"ref_alt_tissue","30 - 100k","1","1.0","4","0.6504663487016428","15351","1405","3.72749924659729"
"ref_alt_tissue","30 - 100k","1","1.0","5","0.6449496555378909","15351","1405","3.7050111293792725"
"ref_alt_tissue","30 - 100k","1","1.0","6","0.6009326974032856","15351","1405","3.7441155910491943"
"ref_alt_tissue","30 - 100k","1","1.0","7","0.6294859565447801","15351","1405","3.792694568634033"
"ref_alt_tissue","30 - 100k","1","1.0","8","0.5765500794912559","15351","1405","3.7183308601379395"
"ref_alt_tissue","30 - 100k","1","1.0","9","0.6309750927397986","15351","1405","3.710329294204712"
"ref_alt_tissue","30 - 100k","1","1.0","10","0.6544356120826709","15351","1405","3.681217908859253"
"ref_alt_tissue","30 - 100k","1","3.0","1","0.6425967143614203","15351","1405","3.720468044281006"
"ref_alt_tissue","30 - 100k","1","3.0","2","0.6331637519872815","15351","1405","3.6724414825439453"
"ref_alt_tissue","30 - 100k","1","3.0","3","0.605384207737149","15351","1405","3.5970120429992676"
"ref_alt_tissue","30 - 100k","1","3.0","4","0.6778802331743509","15351","1405","3.651179552078247"
"ref_alt_tissue","30 - 100k","1","3.0","5","0.6514785373608902","15351","1405","3.610065221786499"
"ref_alt_tissue","30 - 100k","1","3.0","6","0.5939480657127716","15351","1405","3.6668753623962402"
"ref_alt_tissue","30 - 100k","1","3.0","7","0.6220402755696873","15351","1405","3.7213544845581055"
"ref_alt_tissue","30 - 100k","1","3.0","8","0.5615686274509804","15351","1405","3.655973434448242"
"ref_alt_tissue","30 - 100k","1","3.0","9","0.6371913089560148","15351","1405","3.6469032764434814"
"ref_alt_tissue","30 - 100k","1","3.0","10","0.6604663487016429","15351","1405","3.6262407302856445"
"ref_alt_tissue","30 - 100k","1","5.0","1","0.6142289348171701","15351","1405","3.708160877227783"
"ref_alt_tissue","30 - 100k","1","5.0","2","0.6456120826709063","15351","1405","3.6142048835754395"
"ref_alt_tissue","30 - 100k","1","5.0","3","0.608235294117647","15351","1405","3.5610885620117188"
"ref_alt_tissue","30 - 100k","1","5.0","4","0.6725490196078431","15351","1405","3.6230385303497314"
"ref_alt_tissue","30 - 100k","1","5.0","5","0.6450079491255961","15351","1405","3.587460517883301"
"ref_alt_tissue","30 - 100k","1","5.0","6","0.5750132485426603","15351","1405","3.655494451522827"
"ref_alt_tissue","30 - 100k","1","5.0","7","0.6008797032326444","15351","1405","3.7178564071655273"
"ref_alt_tissue","30 - 100k","1","5.0","8","0.5979544250132486","15351","1405","3.640408515930176"
"ref_alt_tissue","30 - 100k","1","5.0","9","0.6372655007949126","15351","1405","3.6296887397766113"
"ref_alt_tissue","30 - 100k","1","5.0","10","0.6677477477477478","15351","1405","3.6008079051971436"
"ref_alt_tissue","30 - 100k","1","10.0","1","0.5952040275569687","15351","1405","3.7046072483062744"
"ref_alt_tissue","30 - 100k","1","10.0","2","0.6603762586115528","15351","1405","3.610685348510742"
"ref_alt_tissue","30 - 100k","1","10.0","3","0.6112135665076841","15351","1405","3.554062604904175"
"ref_alt_tissue","30 - 100k","1","10.0","4","0.6560201377848437","15351","1405","3.657047986984253"
"ref_alt_tissue","30 - 100k","1","10.0","5","0.6713725490196079","15351","1405","3.54288911819458"
"ref_alt_tissue","30 - 100k","1","10.0","6","0.6267885532591415","15351","1405","3.6453373432159424"
"ref_alt_tissue","30 - 100k","1","10.0","7","0.6016905140434552","15351","1405","3.729325294494629"
"ref_alt_tissue","30 - 100k","1","10.0","8","0.5751404345521993","15351","1405","3.444897174835205"
"ref_alt_tissue","30 - 100k","1","10.0","9","0.6187705352411235","15351","1405","3.625488758087158"
"ref_alt_tissue","30 - 100k","1","10.0","10","0.6298569157392686","15351","1405","3.5651819705963135"
"ref_alt_tissue","30 - 100k","1","30.0","1","0.5936248012718601","15351","1405","3.8418641090393066"
"ref_alt_tissue","30 - 100k","1","30.0","2","0.6320455749867515","15351","1405","3.8463571071624756"
"ref_alt_tissue","30 - 100k","1","30.0","3","0.5895389507154214","15351","1405","3.7079503536224365"
"ref_alt_tissue","30 - 100k","1","30.0","4","0.6379491255961844","15351","1405","3.8476974964141846"
"ref_alt_tissue","30 - 100k","1","30.0","5","0.651462639109698","15351","1405","3.838486909866333"
"ref_alt_tissue","30 - 100k","1","30.0","6","0.5902225755166932","15351","1405","3.8463926315307617"
"ref_alt_tissue","30 - 100k","1","30.0","7","0.6135506094329625","15351","1405","3.963886260986328"
"ref_alt_tissue","30 - 100k","1","30.0","8","0.5646263910969794","15351","1405","3.876368761062622"
"ref_alt_tissue","30 - 100k","1","30.0","9","0.5854213036565978","15351","1405","3.79781174659729"
"ref_alt_tissue","30 - 100k","1","30.0","10","0.6207949125596186","15351","1405","3.577786684036255"
"ref_alt_tissue","30 - 100k","1","100.0","1","0.6249920508744039","15351","1405","4.4659483432769775"
"ref_alt_tissue","30 - 100k","1","100.0","2","0.6013089560148384","15351","1405","4.4189348220825195"
"ref_alt_tissue","30 - 100k","1","100.0","3","0.5755325914149443","15351","1405","4.227874994277954"
"ref_alt_tissue","30 - 100k","1","100.0","4","0.6097668256491786","15351","1405","4.364537954330444"
"ref_alt_tissue","30 - 100k","1","100.0","5","0.6271224165341812","15351","1405","4.235184192657471"
"ref_alt_tissue","30 - 100k","1","100.0","6","0.5757551669316375","15351","1405","4.468081951141357"
"ref_alt_tissue","30 - 100k","1","100.0","7","0.5679014308426074","15351","1405","4.553454637527466"
"ref_alt_tissue","30 - 100k","1","100.0","8","0.5901854795972443","15351","1405","4.341095447540283"
"ref_alt_tissue","30 - 100k","1","100.0","9","0.5663010068892421","15351","1405","4.228647470474243"
"ref_alt_tissue","30 - 100k","1","100.0","10","0.5859565447800742","15351","1405","4.214092016220093"
"ref_alt_tissue","100k+","2","0.1","1","0.6340949672798992","5138","1315","4.370189905166626"
"ref_alt_tissue","100k+","2","0.1","2","0.6425406787206848","5138","1315","4.343066215515137"
"ref_alt_tissue","100k+","2","0.1","3","0.645004858946925","5138","1315","4.409730911254883"
"ref_alt_tissue","100k+","2","0.1","4","0.6410985528476301","5138","1315","4.594680070877075"
"ref_alt_tissue","100k+","2","0.1","5","0.6433401310718886","5138","1315","4.38165283203125"
"ref_alt_tissue","100k+","2","0.1","6","0.6419638283714628","5138","1315","4.346085786819458"
"ref_alt_tissue","100k+","2","0.1","7","0.6409010833297429","5138","1315","4.47500467300415"
"ref_alt_tissue","100k+","2","0.1","8","0.6406377906392268","5138","1315","4.3698577880859375"
"ref_alt_tissue","100k+","2","0.1","9","0.6362707223315287","5138","1315","4.367438077926636"
"ref_alt_tissue","100k+","2","0.1","10","0.6400358078059102","5138","1315","4.498044967651367"
"ref_alt_tissue","100k+","2","0.3","1","0.595095335889666","5138","1315","4.1006760597229"
"ref_alt_tissue","100k+","2","0.3","2","0.5877375019746952","5138","1315","4.118634939193726"
"ref_alt_tissue","100k+","2","0.3","3","0.6027009042907135","5138","1315","4.276576280593872"
"ref_alt_tissue","100k+","2","0.3","4","0.5980454108084043","5138","1315","4.1111900806427"
"ref_alt_tissue","100k+","2","0.3","5","0.6155136840391972","5138","1315","4.1218101978302"
"ref_alt_tissue","100k+","2","0.3","6","0.6106355885549061","5138","1315","4.27409815788269"
"ref_alt_tissue","100k+","2","0.3","7","0.5967600637647025","5138","1315","4.115422487258911"
"ref_alt_tissue","100k+","2","0.3","8","0.593192447808208","5138","1315","4.139985799789429"
"ref_alt_tissue","100k+","2","0.3","9","0.5974027372865534","5138","1315","4.2551305294036865"
"ref_alt_tissue","100k+","2","0.3","10","0.595029512717037","5138","1315","4.137336730957031"
"ref_alt_tissue","100k+","2","1.0","1","0.5693692464563198","5138","1315","3.8852596282958984"
"ref_alt_tissue","100k+","2","1.0","2","0.5866400501692254","5138","1315","3.873128652572632"
"ref_alt_tissue","100k+","2","1.0","3","0.5822729818615271","5138","1315","4.063344717025757"
"ref_alt_tissue","100k+","2","1.0","4","0.5683723245872289","5138","1315","3.8815832138061523"
"ref_alt_tissue","100k+","2","1.0","5","0.5781692062443452","5138","1315","3.9990973472595215"
"ref_alt_tissue","100k+","2","1.0","6","0.5794545532880471","5138","1315","3.8759398460388184"
"ref_alt_tissue","100k+","2","1.0","7","0.5806992096432144","5138","1315","3.9934120178222656"
"ref_alt_tissue","100k+","2","1.0","8","0.577197416859349","5138","1315","3.888620376586914"
"ref_alt_tissue","100k+","2","1.0","9","0.5730278180695381","5138","1315","3.9802374839782715"
"ref_alt_tissue","100k+","2","1.0","10","0.5763321413355162","5138","1315","3.890315055847168"
"ref_alt_tissue","100k+","2","3.0","1","0.5437089801956025","5138","1315","3.9031596183776855"
"ref_alt_tissue","100k+","2","3.0","2","0.551380371769279","5138","1315","3.7365543842315674"
"ref_alt_tissue","100k+","2","3.0","3","0.5377932721536864","5138","1315","3.757570743560791"
"ref_alt_tissue","100k+","2","3.0","4","0.5489413240271335","5138","1315","3.7445850372314453"
"ref_alt_tissue","100k+","2","3.0","5","0.5486528988525227","5138","1315","3.715399980545044"
"ref_alt_tissue","100k+","2","3.0","6","0.5329151766693954","5138","1315","3.7321057319641113"
"ref_alt_tissue","100k+","2","3.0","7","0.5466590551143408","5138","1315","3.883690118789673"
"ref_alt_tissue","100k+","2","3.0","8","0.5403639662410901","5138","1315","3.7292745113372803"
"ref_alt_tissue","100k+","2","3.0","9","0.5345799045444319","5138","1315","3.6927545070648193"
"ref_alt_tissue","100k+","2","3.0","10","0.5437999358523262","5138","1315","3.7295053005218506"
"ref_alt_tissue","100k+","2","5.0","1","0.5497156438942424","5138","1315","3.6787307262420654"
"ref_alt_tissue","100k+","2","5.0","2","0.5555906612476242","5138","1315","3.6920080184936523"
"ref_alt_tissue","100k+","2","5.0","3","0.5530199671602207","5138","1315","3.812267780303955"
"ref_alt_tissue","100k+","2","5.0","4","0.552154691636388","5138","1315","3.6628220081329346"
"ref_alt_tissue","100k+","2","5.0","5","0.5582930016802861","5138","1315","3.6946136951446533"
"ref_alt_tissue","100k+","2","5.0","6","0.5431979530190096","5138","1315","3.677445650100708"
"ref_alt_tissue","100k+","2","5.0","7","0.5512235929399262","5138","1315","3.696202516555786"
"ref_alt_tissue","100k+","2","5.0","8","0.546790701459599","5138","1315","3.7056167125701904"
"ref_alt_tissue","100k+","2","5.0","9","0.5500040690688535","5138","1315","3.6969716548919678"
"ref_alt_tissue","100k+","2","5.0","10","0.5473675518088208","5138","1315","3.6976006031036377"
"ref_alt_tissue","100k+","2","10.0","1","0.5363918369691661","5138","1315","3.6794958114624023"
"ref_alt_tissue","100k+","2","10.0","2","0.5348180647508533","5138","1315","3.6760778427124023"
"ref_alt_tissue","100k+","2","10.0","3","0.5444833000627115","5138","1315","3.717197895050049"
"ref_alt_tissue","100k+","2","10.0","4","0.547276596152097","5138","1315","3.708425760269165"
"ref_alt_tissue","100k+","2","10.0","5","0.5380972555327369","5138","1315","3.8284010887145996"
"ref_alt_tissue","100k+","2","10.0","6","0.5405614357589771","5138","1315","3.6922385692596436"
"ref_alt_tissue","100k+","2","10.0","7","0.5404704801022533","5138","1315","3.692539930343628"
"ref_alt_tissue","100k+","2","10.0","8","0.547276596152097","5138","1315","3.846879005432129"
"ref_alt_tissue","100k+","2","10.0","9","0.5484961200231698","5138","1315","3.684084892272949"
"ref_alt_tissue","100k+","2","10.0","10","0.5414925344554389","5138","1315","3.6935811042785645"
"ref_alt_tissue","100k+","2","30.0","1","0.5349748435802061","5138","1315","4.0275187492370605"
"ref_alt_tissue","100k+","2","30.0","2","0.5351974455821881","5138","1315","3.9067537784576416"
"ref_alt_tissue","100k+","2","30.0","3","0.5403639662410901","5138","1315","3.891923189163208"
"ref_alt_tissue","100k+","2","30.0","4","0.5431321298463807","5138","1315","3.9186744689941406"
"ref_alt_tissue","100k+","2","30.0","5","0.5419126059753079","5138","1315","3.9107401371002197"
"ref_alt_tissue","100k+","2","30.0","6","0.5423578099792717","5138","1315","3.901726007461548"
"ref_alt_tissue","100k+","2","30.0","7","0.5364169694532607","5138","1315","3.898155927658081"
"ref_alt_tissue","100k+","2","30.0","8","0.5342005237130971","5138","1315","3.9144623279571533"
"ref_alt_tissue","100k+","2","30.0","9","0.5382791668461844","5138","1315","3.8996241092681885"
"ref_alt_tissue","100k+","2","30.0","10","0.5428688371558645","5138","1315","3.8976023197174072"
"ref_alt_tissue","100k+","2","100.0","1","0.5268426897981263","5138","1315","4.552935361862183"
"ref_alt_tissue","100k+","2","100.0","2","0.5228298698376681","5138","1315","4.432037591934204"
"ref_alt_tissue","100k+","2","100.0","3","0.5471700822909336","5138","1315","4.477642297744751"
"ref_alt_tissue","100k+","2","100.0","4","0.5282596831870862","5138","1315","4.563798427581787"
"ref_alt_tissue","100k+","2","100.0","5","0.5160237537878244","5138","1315","4.428879499435425"
"ref_alt_tissue","100k+","2","100.0","6","0.5285074176731628","5138","1315","4.453149080276489"
"ref_alt_tissue","100k+","2","100.0","7","0.5250463155778318","5138","1315","4.555886745452881"
"ref_alt_tissue","100k+","2","100.0","8","0.5249804924052027","5138","1315","4.482571840286255"
"ref_alt_tissue","100k+","2","100.0","9","0.5148951855734755","5138","1315","4.494446754455566"
"ref_alt_tissue","100k+","2","100.0","10","0.5338714078499519","5138","1315","4.519408702850342"
